78925472,14,2022-02-18,75309,ASADO DEL CARNICERO/BIFE DE PALETA,2021-10-21,19.85
2021100753090,14,2022-02-18,75309,ASADO DEL CARNICERO/BIFE DE PALETA,2021-10-21,19
2021100753847,16,2022-02-18,75384,ASADO DEL CARNICERO/BIFE DE PALETA,2021-10-21,21.5
2021100754882,15,2022-02-18,75488,ASADO DEL CARNICERO/BIFE DE PALETA,2021-10-21,21.55
2021100755834,16,2022-02-18,75583,ASADO DEL CARNICERO/BIFE DE PALETA,2021-10-21,20.95
2021100757111,17,2022-02-18,75711,ASADO DEL CARNICERO/BIFE DE PALETA,2021-10-21,21.95
2021100757395,15,2022-02-18,75739,ASADO DEL CARNICERO/BIFE DE PALETA,2021-10-21,22.8
2021100757685,15,2022-02-18,75768,ASADO DEL CARNICERO/BIFE DE PALETA,2021-10-21,22.95
2021100758637,16,2022-02-18,75863,ASADO DEL CARNICERO/BIFE DE PALETA,2021-10-21,23
2021100758774,17,2022-02-18,75877,ASADO DEL CARNICERO/BIFE DE PALETA,2021-10-21,20.35
2021100759887,16,2022-02-18,75988,ASADO DEL CARNICERO/BIFE DE PALETA,2021-10-21,21.85
2021100760067,17,2022-02-18,76006,ASADO DEL CARNICERO/BIFE DE PALETA,2021-10-21,23.3
2021100760685,16,2022-02-18,76068,ASADO DEL CARNICERO/BIFE DE PALETA,2021-10-21,21.05
2021100761224,16,2022-02-18,76122,ASADO DEL CARNICERO/BIFE DE PALETA,2021-10-21,21.85
2021100762009,16,2022-02-18,76200,ASADO DEL CARNICERO/BIFE DE PALETA,2021-10-21,21.2
2021100763396,15,2022-02-18,76339,ASADO DEL CARNICERO/BIFE DE PALETA,2021-10-21,22.85
2021100763594,13,2022-02-18,76359,ASADO DEL CARNICERO/BIFE DE PALETA,2021-10-21,23.40
2021100764867,13,2022-02-18,76486,ASADO DEL CARNICERO/BIFE DE PALETA,2021-10-21,22.7
2021100765307,14,2022-02-18,76530,ASADO DEL CARNICERO/BIFE DE PALETA,2021-10-21,21.85
2021100765918,9,2022-02-18,76591,LOMO VETADO/BIFE ANCHO,2021-10-21,22.25
2021100766496,14,2022-02-18,76649,ASADO DEL CARNICERO/BIFE DE PALETA,2021-10-21,22.65
2021100766960,13,2022-02-18,76696,ASADO DEL CARNICERO/BIFE DE PALETA,2021-10-21,22.35
2021100767868,14,2022-02-18,76786,ASADO DEL CARNICERO/BIFE DE PALETA,2021-10-21,21.25
2021100767943,13,2022-02-18,76794,ASADO DEL CARNICERO/BIFE DE PALETA,2021-10-21,21.35
2021100769053,13,2022-02-18,76905,ASADO DEL CARNICERO/BIFE DE PALETA,2021-10-21,21.45
2021100769213,14,2022-02-18,76921,ASADO DEL CARNICERO/BIFE DE PALETA,2021-10-21,23.05
2021100769428,14,2022-02-18,76942,ASADO DEL CARNICERO/BIFE DE PALETA,2021-10-21,21.05
2021100770646,14,2022-02-18,77064,ASADO DEL CARNICERO/BIFE DE PALETA,2021-10-21,21.2
2021100773319,14,2022-02-18,77331,ASADO DEL CARNICERO/BIFE DE PALETA,2021-10-21,19.5
2021100773579,14,2022-02-18,77357,ASADO DEL CARNICERO/BIFE DE PALETA,2021-10-21,19.65
2021100776556,18,2022-02-18,77655,ASADO DEL CARNICERO/BIFE DE PALETA,2021-10-21,20
2021100876010,16,2022-02-23,87601,PLATEADA/TAPA DE BIFE,2021-10-26,19.6
2021100877086,5,2022-02-23,87708,POSTA DE PALETA/ PALETA,2021-10-26,22.95
2021100877154,5,2022-02-23,87715,POSTA DE PALETA/ PALETA,2021-10-26,21.45
2021100877246,5,2022-02-23,87724,POSTA DE PALETA/ PALETA,2021-10-26,20.1
2021100877420,5,2022-02-23,87742,POSTA DE PALETA/ PALETA,2021-10-26,19.35
2021100877437,5,2022-02-23,87743,POSTA DE PALETA/ PALETA,2021-10-26,21
2021100877642,4,2022-02-23,87764,POSTA DE PALETA/ PALETA,2021-10-26,19.05
2021100877734,6,2022-02-23,87773,POSTA DE PALETA/ PALETA,2021-10-26,22.95
2021100877741,5,2022-02-23,87774,POSTA DE PALETA/ PALETA,2021-10-26,21.1
2021100877758,6,2022-02-23,87775,POSTA DE PALETA/ PALETA,2021-10-26,20.5
2021100877949,12,2022-02-23,87794,ASADO DEL CARNICERO/BIFE DE PALETA,2021-10-26,20.95
2021100877987,5,2022-02-23,87798,POSTA DE PALETA/ PALETA,2021-10-26,20.05
2021100878106,5,2022-02-23,87810,POSTA DE PALETA/ PALETA,2021-10-26,20.55
2021100878267,6,2022-02-23,87826,POSTA DE PALETA/ PALETA,2021-10-26,20.8
2021100878311,14,2022-02-23,87831,ASADO DEL CARNICERO/BIFE DE PALETA,2021-10-26,20.8
2021100878434,5,2022-02-23,87843,POSTA DE PALETA/ PALETA,2021-10-26,20.25
2021100878519,4,2022-02-23,87851,POSTA DE PALETA/ PALETA,2021-10-26,19.90
2021100878663,6,2022-02-23,87866,POSTA DE PALETA/ PALETA,2021-10-26,21.35
2021100878793,6,2022-02-23,87879,POSTA DE PALETA/ PALETA,2021-10-26,22.35
2021100878854,14,2022-02-23,87885,ASADO DEL CARNICERO/BIFE DE PALETA,2021-10-26,22.45
2021100878939,6,2022-02-23,87893,POSTA DE PALETA/ PALETA,2021-10-26,20.15
2021100879646,7,2022-02-23,87964,POSTA DE PALETA/ PALETA,2021-10-26,23.2
2021100879721,6,2022-02-23,87972,POSTA DE PALETA/ PALETA,2021-10-26,23.3
2021100879912,6,2022-02-23,87991,POSTA DE PALETA/ PALETA,2021-10-26,21.45
2021100883162,14,2022-02-23,88316,ASADO DEL CARNICERO/BIFE DE PALETA,2021-10-26,22
2021100883179,6,2022-02-23,88317,POSTA DE PALETA/ PALETA,2021-10-26,21
2021100883261,7,2022-02-23,88326,POSTA DE PALETA/ PALETA,2021-10-26,23.85
2021100883292,6,2022-02-23,88329,POSTA DE PALETA/ PALETA,2021-10-26,19.7
2021100883353,6,2022-02-23,88335,POSTA DE PALETA/ PALETA,2021-10-26,21.90
2021100883490,6,2022-02-23,88349,POSTA DE PALETA/ PALETA,2021-10-26,21.75
2021100883629,6,2022-02-23,88362,POSTA DE PALETA/ PALETA,2021-10-26,20.90
2021100883674,14,2022-02-23,88367,ASADO DEL CARNICERO/BIFE DE PALETA,2021-10-26,17.7
2021100883865,6,2022-02-23,88386,POSTA DE PALETA/ PALETA,2021-10-26,21.85
2021100884084,6,2022-02-23,88408,POSTA DE PALETA/ PALETA,2021-10-26,22.40
2021100884442,6,2022-02-23,88444,POSTA DE PALETA/ PALETA,2021-10-26,21
2021100884541,14,2022-02-23,88454,ASADO DEL CARNICERO/BIFE DE PALETA,2021-10-26,20.65
2021100884657,7,2022-02-23,88465,POSTA DE PALETA/ PALETA,2021-10-26,23.55
2021100884909,6,2022-02-23,88490,POSTA DE PALETA/ PALETA,2021-10-26,21.7
2021100884923,7,2022-02-23,88492,POSTA DE PALETA/ PALETA,2021-10-26,22.90
2021100885029,14,2022-02-23,88502,ASADO DEL CARNICERO/BIFE DE PALETA,2021-10-26,20.45
2021100885074,6,2022-02-23,88507,POSTA DE PALETA/ PALETA,2021-10-26,20.3
2021100885203,14,2022-02-23,88520,ASADO DEL CARNICERO/BIFE DE PALETA,2021-10-26,19.35
2021100888549,14,2022-02-23,88854,ASADO DEL CARNICERO/BIFE DE PALETA,2021-10-26,21.35
2021100888600,16,2022-02-23,88860,ASADO DEL CARNICERO/BIFE DE PALETA,2021-10-26,19.35
2021100888716,6,2022-02-23,88871,POSTA DE PALETA/ PALETA,2021-10-26,20.65
2021100888754,20,2022-02-23,88875,PLATEADA/TAPA DE BIFE,2021-10-26,18.85
2021100890306,13,2022-02-23,89030,ASADO DEL CARNICERO/BIFE DE PALETA,2021-10-26,20.05
2021100890863,32,2022-02-23,89086,PALANCA/BIFE DE VACIO,2021-10-26,17.65
2021100891891,5,2022-02-24,89189,POSTA DE PALETA/ PALETA,2021-10-27,21.45
2021100892386,14,2022-02-24,89238,ABASTERO / TORTUGA,2021-10-27,21.65
2021100892409,5,2022-02-24,89240,POSTA DE PALETA/ PALETA,2021-10-27,21.25
2021100892478,6,2022-02-24,89247,POSTA DE PALETA/ PALETA,2021-10-27,20.05
2021100892928,5,2022-02-24,89292,POSTA DE PALETA/ PALETA,2021-10-27,21.40
2021100892935,6,2022-02-24,89293,POSTA DE PALETA/ PALETA,2021-10-27,23.25
2021100893116,6,2022-02-24,89311,POSTA DE PALETA/ PALETA,2021-10-27,21.2
2021100893222,14,2022-02-24,89322,ABASTERO / TORTUGA,2021-10-27,22.7
2021100893307,15,2022-02-24,89330,ABASTERO / TORTUGA,2021-10-27,23.6
2021100893420,5,2022-02-24,89342,POSTA DE PALETA/ PALETA,2021-10-27,20.85
2021100893437,36,2022-02-24,89343,PALANCA/BIFE DE VACIO,2021-10-27,23.1
2021100893857,6,2022-02-24,89385,POSTA DE PALETA/ PALETA,2021-10-27,21.85
2021100893932,6,2022-02-24,89393,POSTA DE PALETA/ PALETA,2021-10-27,23.25
2021100893963,5,2022-02-24,89396,POSTA DE PALETA/ PALETA,2021-10-27,20.55
2021100893970,5,2022-02-24,89397,POSTA DE PALETA/ PALETA,2021-10-27,20.5
2021100894021,6,2022-02-24,89402,POSTA DE PALETA/ PALETA,2021-10-27,22.7
2021100894090,15,2022-02-24,89409,ABASTERO / TORTUGA,2021-10-27,22.05
2021100894151,5,2022-02-24,89415,POSTA DE PALETA/ PALETA,2021-10-27,19.35
2021100894199,15,2022-02-24,89419,ABASTERO / TORTUGA,2021-10-27,22.5
2021100894250,5,2022-02-24,89425,POSTA DE PALETA/ PALETA,2021-10-27,19.40
2021100894397,6,2022-02-24,89439,SOBRECOSTILLA/SOBRECOSTILLA,2021-10-27,22.55
2021100894656,6,2022-02-24,89465,SOBRECOSTILLA/SOBRECOSTILLA,2021-10-27,22.45
2021100894663,5,2022-02-24,89466,POSTA DE PALETA/ PALETA,2021-10-27,18.90
2021100894687,36,2022-02-24,89468,PALANCA/BIFE DE VACIO,2021-10-27,22.65
2021100894816,6,2022-02-24,89481,SOBRECOSTILLA/SOBRECOSTILLA,2021-10-27,22.95
2021100894830,5,2022-02-24,89483,POSTA DE PALETA/ PALETA,2021-10-27,21.85
2021100895004,14,2022-02-24,89500,ABASTERO / TORTUGA,2021-10-27,23.25
2021100895271,14,2022-02-24,89527,ABASTERO / TORTUGA,2021-10-27,22.3
2021100895370,18,2022-02-24,89537,PLATEADA/TAPA DE BIFE,2021-10-27,23.40
2021100895813,14,2022-02-24,89581,ABASTERO / TORTUGA,2021-10-27,22.95
2021100895875,16,2022-02-24,89587,PLATEADA/TAPA DE BIFE,2021-10-27,20.90
2021100896063,32,2022-02-24,89606,PALANCA/BIFE DE VACIO,2021-10-27,23.55
2021100896094,14,2022-02-24,89609,ABASTERO / TORTUGA,2021-10-27,22.65
2021100896162,5,2022-02-24,89616,SOBRECOSTILLA/SOBRECOSTILLA,2021-10-27,21.6
2021100896230,6,2022-02-24,89623,HUACHALOMO/AGUJA,2021-10-27,21.40
2021100896353,14,2022-02-24,89635,ABASTERO / TORTUGA,2021-10-27,22.05
2021100896407,4,2022-02-24,89640,SOBRECOSTILLA/SOBRECOSTILLA,2021-10-27,19.55
2021100896421,4,2022-02-24,89642,SOBRECOSTILLA/SOBRECOSTILLA,2021-10-27,19.05
2021100896445,5,2022-02-24,89644,HUACHALOMO/AGUJA,2021-10-27,22.3
2021100896452,9,2022-02-24,89645,HUACHALOMO/AGUJA,2021-10-27,20.75
2021100896506,5,2022-02-24,89650,SOBRECOSTILLA/SOBRECOSTILLA,2021-10-27,21.45
2021100896902,7,2022-02-24,89690,HUACHALOMO/AGUJA,2021-10-27,23.45
2021100896971,5,2022-02-24,89697,SOBRECOSTILLA/SOBRECOSTILLA,2021-10-27,20.75
2021100897008,18,2022-02-24,89700,ABASTERO / TORTUGA,2021-10-27,23.7
2021100897206,5,2022-02-24,89720,SOBRECOSTILLA/SOBRECOSTILLA,2021-10-27,22.40
2021100897343,4,2022-02-24,89734,SOBRECOSTILLA/SOBRECOSTILLA,2021-10-27,19.6
2021100897480,5,2022-02-24,89748,HUACHALOMO/AGUJA,2021-10-27,19.5
2021100897527,18,2022-02-24,89752,ABASTERO / TORTUGA,2021-10-27,22.90
2021100897657,6,2022-02-24,89765,HUACHALOMO/AGUJA,2021-10-27,21.95
2021100897664,5,2022-02-24,89766,SOBRECOSTILLA/SOBRECOSTILLA,2021-10-27,23.1
2021100897930,5,2022-02-24,89793,SOBRECOSTILLA/SOBRECOSTILLA,2021-10-27,21.7
2021100898210,6,2022-02-24,89821,HUACHALOMO/AGUJA,2021-10-27,22.1
2021100898258,14,2022-02-24,89825,ABASTERO / TORTUGA,2021-10-27,23.05
2021100898364,12,2022-02-24,89836,ASADO DEL CARNICERO/BIFE DE PALETA,2021-10-27,22.75
2021100898562,4,2022-02-24,89856,SOBRECOSTILLA/SOBRECOSTILLA,2021-10-27,23.35
2021100898715,6,2022-02-24,89871,HUACHALOMO/AGUJA,2021-10-27,19.15
2021100898838,14,2022-02-24,89883,ABASTERO / TORTUGA,2021-10-27,23.45
2021100898876,4,2022-02-24,89887,SOBRECOSTILLA/SOBRECOSTILLA,2021-10-27,18.1
2021100899019,6,2022-02-24,89901,HUACHALOMO/AGUJA,2021-10-27,21.3
2021100899101,14,2022-02-24,89910,ABASTERO / TORTUGA,2021-10-27,22.05
2021100899149,4,2022-02-24,89914,SOBRECOSTILLA/SOBRECOSTILLA,2021-10-27,18.1
2021100899194,4,2022-02-24,89919,SOBRECOSTILLA/SOBRECOSTILLA,2021-10-27,19.3
2021100899347,4,2022-02-24,89934,SOBRECOSTILLA/SOBRECOSTILLA,2021-10-27,20.25
2021100899354,6,2022-02-24,89935,HUACHALOMO/AGUJA,2021-10-27,19.5
2021100899408,5,2022-02-24,89940,SOBRECOSTILLA/SOBRECOSTILLA,2021-10-27,23.2
2021100899583,7,2022-02-24,89958,HUACHALOMO/AGUJA,2021-10-27,20.95
2021100899644,5,2022-02-24,89964,SOBRECOSTILLA/SOBRECOSTILLA,2021-10-27,22.35
2021100899705,6,2022-02-24,89970,HUACHALOMO/AGUJA,2021-10-27,20.15
2021100899781,4,2022-02-24,89978,SOBRECOSTILLA/SOBRECOSTILLA,2021-10-27,20.8
2021100899873,6,2022-02-24,89987,HUACHALOMO/AGUJA,2021-10-27,22.5
2021100899880,8,2022-02-24,89988,LOMO VETADO/BIFE ANCHO,2021-10-27,22.15
2021100899934,4,2022-02-24,89993,SOBRECOSTILLA/SOBRECOSTILLA,2021-10-27,19.40
2021100900050,14,2022-02-24,90005,ABASTERO / TORTUGA,2021-10-27,23.15
2021100900135,5,2022-02-24,90013,SOBRECOSTILLA/SOBRECOSTILLA,2021-10-27,22.15
2021100900210,7,2022-02-24,90021,HUACHALOMO/AGUJA,2021-10-27,21.25
2021100900296,4,2022-02-24,90029,SOBRECOSTILLA/SOBRECOSTILLA,2021-10-27,19.35
2021100900340,7,2022-02-24,90034,HUACHALOMO/AGUJA,2021-10-27,19.45
2021100900388,4,2022-02-24,90038,SOBRECOSTILLA/SOBRECOSTILLA,2021-10-27,20.40
2021100900616,4,2022-02-24,90061,TAPAPECHO/PECHO,2021-10-27,19.7
2021100900647,30,2022-02-24,90064,PALANCA/BIFE DE VACIO,2021-10-27,23.8
2021100900692,5,2022-02-24,90069,SOBRECOSTILLA/SOBRECOSTILLA,2021-10-27,20.75
2021100900821,4,2022-02-24,90082,SOBRECOSTILLA/SOBRECOSTILLA,2021-10-27,20.7
2021100900876,4,2022-02-24,90087,TAPAPECHO/PECHO,2021-10-27,19.35
2021100900937,7,2022-02-24,90093,HUACHALOMO/AGUJA,2021-10-27,22.85
2021100901354,5,2022-02-24,90135,SOBRECOSTILLA/SOBRECOSTILLA,2021-10-27,17.90
2021100901378,5,2022-02-24,90137,SOBRECOSTILLA/SOBRECOSTILLA,2021-10-27,22.65
2021100901415,6,2022-02-24,90141,HUACHALOMO/AGUJA,2021-10-27,20.35
2021100901514,8,2022-02-24,90151,LOMO VETADO/BIFE ANCHO,2021-10-27,21.7
2021100901675,4,2022-02-24,90167,SOBRECOSTILLA/SOBRECOSTILLA,2021-10-27,20.3
2021100901835,6,2022-02-24,90183,HUACHALOMO/AGUJA,2021-10-27,19.35
2021100902054,4,2022-02-24,90205,SOBRECOSTILLA/SOBRECOSTILLA,2021-10-27,20.55
2021100902085,13,2022-02-24,90208,ABASTERO / TORTUGA,2021-10-27,21.65
2021100902108,5,2022-02-24,90210,SOBRECOSTILLA/SOBRECOSTILLA,2021-10-27,21.55
2021100902160,5,2022-02-24,90216,SOBRECOSTILLA/SOBRECOSTILLA,2021-10-27,22.25
2021100902221,6,2022-02-24,90222,HUACHALOMO/AGUJA,2021-10-27,22.25
2021100902801,6,2022-02-24,90280,HUACHALOMO/AGUJA,2021-10-27,21.7
2021100903228,5,2022-02-24,90322,SOBRECOSTILLA/SOBRECOSTILLA,2021-10-27,22.75
2021100903242,5,2022-02-24,90324,SOBRECOSTILLA/SOBRECOSTILLA,2021-10-27,22.5
2021100903358,7,2022-02-24,90335,HUACHALOMO/AGUJA,2021-10-27,18.7
2021100903457,4,2022-02-24,90345,SOBRECOSTILLA/SOBRECOSTILLA,2021-10-27,19.5
2021100903723,4,2022-02-24,90372,SOBRECOSTILLA/SOBRECOSTILLA,2021-10-27,19.55
2021100903808,7,2022-02-24,90380,HUACHALOMO/AGUJA,2021-10-27,20.40
2021100903945,32,2022-02-24,90394,PALANCA/BIFE DE VACIO,2021-10-27,23.85
2021100903976,5,2022-02-24,90397,SOBRECOSTILLA/SOBRECOSTILLA,2021-10-27,21.90
2021100904065,4,2022-02-24,90406,SOBRECOSTILLA/SOBRECOSTILLA,2021-10-27,19
2021100904089,7,2022-02-24,90408,HUACHALOMO/AGUJA,2021-10-27,20.6
2021100904225,4,2022-02-24,90422,SOBRECOSTILLA/SOBRECOSTILLA,2021-10-27,19.75
2021100904362,5,2022-02-24,90436,SOBRECOSTILLA/SOBRECOSTILLA,2021-10-27,20.15
2021100904447,4,2022-02-24,90444,SOBRECOSTILLA/SOBRECOSTILLA,2021-10-27,22.45
2021100904546,4,2022-02-24,90454,SOBRECOSTILLA/SOBRECOSTILLA,2021-10-27,19.1
2021100904850,4,2022-02-24,90485,SOBRECOSTILLA/SOBRECOSTILLA,2021-10-27,18.7
2021100904904,8,2022-02-24,90490,HUACHALOMO/AGUJA,2021-10-27,21.35
2021100905420,7,2022-02-24,90542,HUACHALOMO/AGUJA,2021-10-27,20.75
2021100905512,4,2022-02-24,90551,SOBRECOSTILLA/SOBRECOSTILLA,2021-10-27,20.8
2021100905529,4,2022-02-24,90552,SOBRECOSTILLA/SOBRECOSTILLA,2021-10-27,21.65
2021100905604,7,2022-02-24,90560,HUACHALOMO/AGUJA,2021-10-27,21
2021100905826,4,2022-02-24,90582,SOBRECOSTILLA/SOBRECOSTILLA,2021-10-27,20.1
2021100905925,5,2022-02-24,90592,SOBRECOSTILLA/SOBRECOSTILLA,2021-10-27,21.45
2021100906038,7,2022-02-24,90603,HUACHALOMO/AGUJA,2021-10-27,19.1
2021100906212,7,2022-02-24,90621,HUACHALOMO/AGUJA,2021-10-27,19.3
2021100906793,7,2022-02-24,90679,HUACHALOMO/AGUJA,2021-10-27,19.7
2021100906885,5,2022-02-24,90688,SOBRECOSTILLA/SOBRECOSTILLA,2021-10-27,23
2021100906892,7,2022-02-24,90689,HUACHALOMO/AGUJA,2021-10-27,20.45
2021100906953,4,2022-02-24,90695,SOBRECOSTILLA/SOBRECOSTILLA,2021-10-27,20.45
2021100907042,5,2022-02-24,90704,SOBRECOSTILLA/SOBRECOSTILLA,2021-10-27,21.95
2021100907196,5,2022-02-24,90719,SOBRECOSTILLA/SOBRECOSTILLA,2021-10-27,22.6
2021100909633,5,2022-02-24,90963,SOBRECOSTILLA/SOBRECOSTILLA,2021-10-27,19.90
2021100909718,5,2022-02-24,90971,SOBRECOSTILLA/SOBRECOSTILLA,2021-10-27,16.75
2021100909770,4,2022-02-24,90977,SOBRECOSTILLA/SOBRECOSTILLA,2021-10-27,19.2
2021100909831,6,2022-02-24,90983,SOBRECOSTILLA/SOBRECOSTILLA,2021-10-27,19.2
2021100909947,6,2022-02-24,90994,HUACHALOMO/AGUJA,2021-10-27,21.6
2021100909978,6,2022-02-24,90997,SOBRECOSTILLA/SOBRECOSTILLA,2021-10-27,20.75
2021100910004,9,2022-02-24,91000,HUACHALOMO/AGUJA,2021-10-27,19
2021100910073,6,2022-02-24,91007,SOBRECOSTILLA/SOBRECOSTILLA,2021-10-27,18.65
2021100910196,10,2022-02-24,91019,HUACHALOMO/AGUJA,2021-10-27,20
2021100910226,6,2022-02-24,91022,SOBRECOSTILLA/SOBRECOSTILLA,2021-10-27,24
2021100910288,6,2022-02-24,91028,POSTA DE PALETA/ PALETA,2021-10-27,22
2021100910318,6,2022-02-24,91031,SOBRECOSTILLA/SOBRECOSTILLA,2021-10-27,23.25
2021100910349,10,2022-02-24,91034,HUACHALOMO/AGUJA,2021-10-27,20.75
2021100910400,6,2022-02-24,91040,POSTA DE PALETA/ PALETA,2021-10-27,22.2
2021100910431,6,2022-02-24,91043,SOBRECOSTILLA/SOBRECOSTILLA,2021-10-27,19.90
2021100910486,10,2022-02-24,91048,HUACHALOMO/AGUJA,2021-10-27,22.5
2021100910516,6,2022-02-24,91051,POSTA DE PALETA/ PALETA,2021-10-27,19.40
2021100910523,6,2022-02-24,91052,SOBRECOSTILLA/SOBRECOSTILLA,2021-10-27,21.8
2021100910561,7,2022-02-24,91056,POSTA DE PALETA/ PALETA,2021-10-27,20.7
2021100910660,9,2022-02-24,91066,HUACHALOMO/AGUJA,2021-10-27,19.90
2021100910707,6,2022-02-24,91070,SOBRECOSTILLA/SOBRECOSTILLA,2021-10-27,21.85
2021100910752,6,2022-02-24,91075,POSTA DE PALETA/ PALETA,2021-10-27,19.85
2021100910844,6,2022-02-24,91084,SOBRECOSTILLA/SOBRECOSTILLA,2021-10-27,18.25
2021100910868,6,2022-02-24,91086,POSTA DE PALETA/ PALETA,2021-10-27,20.35
2021100911025,9,2022-02-24,91102,HUACHALOMO/AGUJA,2021-10-27,21.6
2021100911087,6,2022-02-24,91108,POSTA DE PALETA/ PALETA,2021-10-27,21.40
2021100911247,6,2022-02-24,91124,SOBRECOSTILLA/SOBRECOSTILLA,2021-10-27,19.95
2021100911469,10,2022-02-24,91146,HUACHALOMO/AGUJA,2021-10-27,21.45
2021100911483,6,2022-02-24,91148,SOBRECOSTILLA/SOBRECOSTILLA,2021-10-27,22.5
2021100911537,6,2022-02-24,91153,POSTA DE PALETA/ PALETA,2021-10-27,19.35
2021100911698,6,2022-02-24,91169,POSTA DE PALETA/ PALETA,2021-10-27,21.85
2021100911742,6,2022-02-24,91174,SOBRECOSTILLA/SOBRECOSTILLA,2021-10-27,21.6
2021100911759,6,2022-02-24,91175,POSTA DE PALETA/ PALETA,2021-10-27,22.45
2021100911810,10,2022-02-24,91181,HUACHALOMO/AGUJA,2021-10-27,20.3
2021100911896,6,2022-02-24,91189,SOBRECOSTILLA/SOBRECOSTILLA,2021-10-27,22.7
2021100911933,6,2022-02-24,91193,POSTA DE PALETA/ PALETA,2021-10-27,21.85
2021100911988,6,2022-02-24,91198,POSTA DE PALETA/ PALETA,2021-10-27,20.95
2021100912053,6,2022-02-24,91205,SOBRECOSTILLA/SOBRECOSTILLA,2021-10-27,21
2021100912114,10,2022-02-24,91211,HUACHALOMO/AGUJA,2021-10-27,18.35
2021100912152,6,2022-02-24,91215,POSTA DE PALETA/ PALETA,2021-10-27,22.8
2021100912190,7,2022-02-24,91219,POSTA DE PALETA/ PALETA,2021-10-27,21.65
2021100912398,6,2022-02-24,91239,SOBRECOSTILLA/SOBRECOSTILLA,2021-10-27,19.3
2021100912541,9,2022-02-24,91254,HUACHALOMO/AGUJA,2021-10-27,21.8
2021100912718,6,2022-02-24,91271,SOBRECOSTILLA/SOBRECOSTILLA,2021-10-27,20.90
2021100912961,6,2022-02-24,91296,POSTA DE PALETA/ PALETA,2021-10-27,22.35
2021100913074,6,2022-02-24,91307,SOBRECOSTILLA/SOBRECOSTILLA,2021-10-27,22.65
2021100913166,9,2022-02-24,91316,HUACHALOMO/AGUJA,2021-10-27,20.35
2021100913203,7,2022-02-24,91320,POSTA DE PALETA/ PALETA,2021-10-27,21.75
2021100913210,6,2022-02-24,91321,POSTA DE PALETA/ PALETA,2021-10-27,21.8
2021100913258,10,2022-02-24,91325,HUACHALOMO/AGUJA,2021-10-27,20.25
2021100913326,18,2022-02-24,91332,PUNTA DE PICANA/COLITA CUADRIL,2021-10-27,21.35
2021100913494,7,2022-02-24,91349,POSTA DE PALETA/ PALETA,2021-10-27,21.85
2021100913685,10,2022-02-24,91368,HUACHALOMO/AGUJA,2021-10-27,19.7
2021100913722,6,2022-02-24,91372,POSTA DE PALETA/ PALETA,2021-10-27,21.15
2021100913760,5,2022-02-24,91376,TAPAPECHO/PECHO,2021-10-27,20.40
2021100913876,7,2022-02-24,91387,POSTA DE PALETA/ PALETA,2021-10-27,20.55
2021100914002,5,2022-02-24,91400,SOBRECOSTILLA/SOBRECOSTILLA,2021-10-27,21.25
2021100914101,6,2022-02-24,91410,POSTA DE PALETA/ PALETA,2021-10-27,21.5
2021100914156,5,2022-02-24,91415,TAPAPECHO/PECHO,2021-10-27,20.25
2021100914170,6,2022-02-24,91417,SOBRECOSTILLA/SOBRECOSTILLA,2021-10-27,21.6
2021100914248,6,2022-02-24,91424,TAPAPECHO/PECHO,2021-10-27,23.75
2021100914521,6,2022-02-24,91452,POSTA DE PALETA/ PALETA,2021-10-27,20
2021100914538,5,2022-02-24,91453,TAPAPECHO/PECHO,2021-10-27,21.25
2021100914576,9,2022-02-24,91457,HUACHALOMO/AGUJA,2021-10-27,22.2
2021100914767,4,2022-02-24,91476,TAPAPECHO/PECHO,2021-10-27,22.6
2021100914941,4,2022-02-24,91494,TAPAPECHO/PECHO,2021-10-27,22
2021100915016,6,2022-02-24,91501,POSTA DE PALETA/ PALETA,2021-10-27,20.5
2021100915054,5,2022-02-24,91505,TAPAPECHO/PECHO,2021-10-27,20.35
2021100915085,6,2022-02-24,91508,POSTA DE PALETA/ PALETA,2021-10-27,20.65
2021100915139,5,2022-02-24,91513,POSTA DE PALETA/ PALETA,2021-10-27,19.7
2021100915252,4,2022-02-24,91525,POSTA DE PALETA/ PALETA,2021-10-27,22.05
2021100915269,4,2022-02-24,91526,TAPAPECHO/PECHO,2021-10-27,18.15
2021100915474,5,2022-02-24,91547,TAPAPECHO/PECHO,2021-10-27,21.65
2021100915498,4,2022-02-24,91549,POSTA DE PALETA/ PALETA,2021-10-27,21.45
2021100915702,5,2022-02-24,91570,TAPAPECHO/PECHO,2021-10-27,22
2021100915825,4,2022-02-24,91582,POSTA DE PALETA/ PALETA,2021-10-27,18.8
2021100915832,5,2022-02-24,91583,TAPAPECHO/PECHO,2021-10-27,19.35
2021100915955,5,2022-02-24,91595,POSTA DE PALETA/ PALETA,2021-10-27,18.65
2021100916099,4,2022-02-24,91609,TAPAPECHO/PECHO,2021-10-27,19.45
2021100916501,6,2022-02-24,91650,POSTA DE PALETA/ PALETA,2021-10-27,20.55
2021100916655,5,2022-02-24,91665,TAPAPECHO/PECHO,2021-10-27,20.3
2021100916662,6,2022-02-24,91666,POSTA DE PALETA/ PALETA,2021-10-27,19.3
2021100916686,5,2022-02-24,91668,TAPAPECHO/PECHO,2021-10-27,21.5
2021100916945,7,2022-02-24,91694,POSTA DE PALETA/ PALETA,2021-10-27,21.55
2021100917164,5,2022-02-24,91716,TAPAPECHO/PECHO,2021-10-27,22.2
2021100917331,5,2022-02-24,91733,TAPAPECHO/PECHO,2021-10-27,20.05
2021100917584,5,2022-02-24,91758,TAPAPECHO/PECHO,2021-10-27,20.3
2021100917706,5,2022-02-24,91770,POSTA DE PALETA/ PALETA,2021-10-27,22.75
2021100918208,6,2022-02-24,91820,TAPAPECHO/PECHO,2021-10-27,21.85
2021100918529,5,2022-02-24,91852,TAPAPECHO/PECHO,2021-10-27,19.65
2021100918550,5,2022-02-24,91855,TAPAPECHO/PECHO,2021-10-27,22.8
2021100918819,5,2022-02-24,91881,TAPAPECHO/PECHO,2021-10-27,21.15
2021100919045,5,2022-02-24,91904,TAPAPECHO/PECHO,2021-10-27,20.85
2021100919144,4,2022-02-24,91914,TAPAPECHO/PECHO,2021-10-27,18.5
2021100919236,5,2022-02-24,91923,TAPAPECHO/PECHO,2021-10-27,21.55
2021100919335,5,2022-02-24,91933,TAPAPECHO/PECHO,2021-10-27,21.3
2021100919793,5,2022-02-24,91979,TAPAPECHO/PECHO,2021-10-27,21.05
2021100919885,5,2022-02-24,91988,TAPAPECHO/PECHO,2021-10-27,22.75
2021100920171,5,2022-02-24,92017,TAPAPECHO/PECHO,2021-10-27,22.6
2021100920546,4,2022-02-24,92054,TAPAPECHO/PECHO,2021-10-27,18.8
2021100920577,5,2022-02-24,92057,TAPAPECHO/PECHO,2021-10-27,20.40
2021100920683,5,2022-02-24,92068,TAPAPECHO/PECHO,2021-10-27,21.6
2021100921185,4,2022-02-24,92118,TAPAPECHO/PECHO,2021-10-27,17.55
2021100921505,5,2022-02-24,92150,TAPAPECHO/PECHO,2021-10-27,21.90
2021100921697,5,2022-02-24,92169,TAPAPECHO/PECHO,2021-10-27,20.3
2021100921970,5,2022-02-24,92197,TAPAPECHO/PECHO,2021-10-27,20.25
2021100922076,5,2022-02-24,92207,TAPAPECHO/PECHO,2021-10-27,21.25
2021100922458,5,2022-02-24,92245,TAPAPECHO/PECHO,2021-10-27,21.1
2021100922632,5,2022-02-24,92263,TAPAPECHO/PECHO,2021-10-27,18.15
2021100922649,6,2022-02-24,92264,TAPAPECHO/PECHO,2021-10-27,22.1
2021100923158,60,2022-02-24,92315,ENTRAÑA / ENTRAÑA,2021-10-27,20.35
2021100923233,6,2022-02-24,92323,TAPAPECHO/PECHO,2021-10-27,20.90
2021100923462,6,2022-02-24,92346,TAPAPECHO/PECHO,2021-10-27,24
2021100923486,5,2022-02-24,92348,TAPAPECHO/PECHO,2021-10-27,19.2
2021100923585,5,2022-02-24,92358,TAPAPECHO/PECHO,2021-10-27,19.90
2021100924247,5,2022-02-24,92424,TAPAPECHO/PECHO,2021-10-27,19.3
2021100924346,6,2022-02-24,92434,TAPAPECHO/PECHO,2021-10-27,21.90
2021100924667,5,2022-02-24,92466,TAPAPECHO/PECHO,2021-10-27,17.6
2021100924766,9,2022-02-24,92476,HUACHALOMO/AGUJA,2021-10-27,22.40
2021100924896,9,2022-02-24,92489,LOMO VETADO/BIFE ANCHO,2021-10-27,23.6
2021100924940,5,2022-02-24,92494,TAPAPECHO/PECHO,2021-10-27,23.3
2021100925053,5,2022-02-24,92505,TAPAPECHO/PECHO,2021-10-27,22.55
2021100925060,9,2022-02-24,92506,LOMO VETADO/BIFE ANCHO,2021-10-27,23.5
2021100925251,4,2022-02-24,92525,TAPAPECHO/PECHO,2021-10-27,20.75
2021100925268,9,2022-02-24,92526,LOMO VETADO/BIFE ANCHO,2021-10-27,22
2021100925275,4,2022-02-24,92527,TAPAPECHO/PECHO,2021-10-27,19.90
2021100925367,9,2022-02-24,92536,HUACHALOMO/AGUJA,2021-10-27,22.6
2021100925398,5,2022-02-24,92539,TAPAPECHO/PECHO,2021-10-27,21.55
2021100925510,5,2022-02-24,92551,TAPAPECHO/PECHO,2021-10-27,22.6
2021100925541,9,2022-02-24,92554,LOMO VETADO/BIFE ANCHO,2021-10-27,21.6
2021100925626,9,2022-02-24,92562,HUACHALOMO/AGUJA,2021-10-27,22.15
2021100925701,5,2022-02-24,92570,TAPAPECHO/PECHO,2021-10-27,21.95
2021100925831,9,2022-02-24,92583,HUACHALOMO/AGUJA,2021-10-27,21.8
2021100926005,5,2022-02-24,92600,TAPAPECHO/PECHO,2021-10-27,21.25
2021100926067,9,2022-02-24,92606,LOMO VETADO/BIFE ANCHO,2021-10-27,19.95
2021100926135,9,2022-02-24,92613,HUACHALOMO/AGUJA,2021-10-27,22.85
2021100926289,5,2022-02-24,92628,TAPAPECHO/PECHO,2021-10-27,21.3
2021100926296,9,2022-02-24,92629,LOMO VETADO/BIFE ANCHO,2021-10-27,19.95
2021100926364,5,2022-02-24,92636,TAPAPECHO/PECHO,2021-10-27,22.3
2021100926456,5,2022-02-24,92645,TAPAPECHO/PECHO,2021-10-27,19.15
2021100926494,4,2022-02-24,92649,TAPAPECHO/PECHO,2021-10-27,20.35
2021100926746,9,2022-02-24,92674,HUACHALOMO/AGUJA,2021-10-27,22.45
2021100926951,9,2022-02-24,92695,LOMO VETADO/BIFE ANCHO,2021-10-27,22.15
2021100926999,10,2022-02-24,92699,HUACHALOMO/AGUJA,2021-10-27,21.95
2021100927323,9,2022-02-24,92732,HUACHALOMO/AGUJA,2021-10-27,22.15
2021100927330,6,2022-02-24,92733,TAPAPECHO/PECHO,2021-10-27,21.95
2021100927378,9,2022-02-24,92737,LOMO VETADO/BIFE ANCHO,2021-10-27,21.3
2021100927460,4,2022-02-24,92746,TAPAPECHO/PECHO,2021-10-27,17.3
2021100927491,9,2022-02-24,92749,LOMO VETADO/BIFE ANCHO,2021-10-27,21
2021100927590,10,2022-02-24,92759,HUACHALOMO/AGUJA,2021-10-27,23.95
2021100927637,5,2022-02-24,92763,TAPAPECHO/PECHO,2021-10-27,20
2021100927781,5,2022-02-24,92778,TAPAPECHO/PECHO,2021-10-27,19.75
2021100927996,5,2022-02-24,92799,TAPAPECHO/PECHO,2021-10-27,21.95
2021100928078,9,2022-02-24,92807,HUACHALOMO/AGUJA,2021-10-27,23.85
2021100928139,9,2022-02-24,92813,LOMO VETADO/BIFE ANCHO,2021-10-27,22.35
2021100928177,5,2022-02-24,92817,TAPAPECHO/PECHO,2021-10-27,18.6
2021100928450,6,2022-02-24,92845,TAPAPECHO/PECHO,2021-10-27,18.95
2021100928672,6,2022-02-24,92867,TAPAPECHO/PECHO,2021-10-27,18.45
2021100928825,9,2022-02-24,92882,LOMO VETADO/BIFE ANCHO,2021-10-27,20.75
2021100928917,6,2022-02-24,92891,TAPAPECHO/PECHO,2021-10-27,19.75
2021100929044,10,2022-02-24,92904,HUACHALOMO/AGUJA,2021-10-27,21.2
2021100929303,7,2022-02-24,92930,TAPAPECHO/PECHO,2021-10-27,22.05
2021100929440,9,2022-02-24,92944,LOMO VETADO/BIFE ANCHO,2021-10-27,20.95
2021100929488,5,2022-02-24,92948,TAPAPECHO/PECHO,2021-10-27,20.7
2021100929716,5,2022-02-24,92971,TAPAPECHO/PECHO,2021-10-27,19.85
2021100929839,5,2022-02-24,92983,TAPAPECHO/PECHO,2021-10-27,21.95
2021100929860,9,2022-02-24,92986,LOMO VETADO/BIFE ANCHO,2021-10-27,21.3
2021100930194,10,2022-02-24,93019,PUNTA DE PALETA/MARUCHA,2021-10-27,21.1
2021100930248,5,2022-02-24,93024,TAPAPECHO/PECHO,2021-10-27,18.85
2021100930477,6,2022-02-24,93047,TAPAPECHO/PECHO,2021-10-27,21.2
2021100930538,9,2022-02-24,93053,LOMO VETADO/BIFE ANCHO,2021-10-27,21
2021100930583,5,2022-02-24,93058,TAPAPECHO/PECHO,2021-10-27,20.2
2021100930675,4,2022-02-24,93067,TAPAPECHO/PECHO,2021-10-27,16.5
2021100930804,20,2022-02-24,93080,CHOCLILLO/CHINGOLO,2021-10-27,20.7
2021100930958,9,2022-02-24,93095,LOMO VETADO/BIFE ANCHO,2021-10-27,22.35
2021100930972,5,2022-02-24,93097,TAPAPECHO/PECHO,2021-10-27,22.7
2021100931009,10,2022-02-24,93100,PUNTA DE PALETA/MARUCHA,2021-10-27,22.2
2021100931030,5,2022-02-24,93103,POSTA DE PALETA/ PALETA,2021-10-27,22.95
2021100931177,20,2022-02-24,93117,CHOCLILLO/CHINGOLO,2021-10-27,22.45
2021100931221,10,2022-02-24,93122,PUNTA DE PALETA/MARUCHA,2021-10-27,21.75
2021100931269,5,2022-02-24,93126,TAPAPECHO/PECHO,2021-10-27,23.40
2021100931290,9,2022-02-24,93129,LOMO VETADO/BIFE ANCHO,2021-10-27,20.3
2021100931351,4,2022-02-24,93135,TAPAPECHO/PECHO,2021-10-27,18.35
2021100931382,20,2022-02-24,93138,CHOCLILLO/CHINGOLO,2021-10-27,21.65
2021100931412,4,2022-02-24,93141,TAPAPECHO/PECHO,2021-10-27,18.85
2021100931436,4,2022-02-24,93143,TAPAPECHO/PECHO,2021-10-27,17.7
2021100931535,10,2022-02-24,93153,PUNTA DE PALETA/MARUCHA,2021-10-27,21.45
2021100931566,10,2022-02-24,93156,PUNTA DE PALETA/MARUCHA,2021-10-27,19.25
2021100932167,18,2022-02-24,93216,CHOCLILLO/CHINGOLO,2021-10-27,22.5
2021100932518,10,2022-02-24,93251,PUNTA DE PALETA/MARUCHA,2021-10-27,21.90
2021100934079,4,2022-02-24,93407,TAPAPECHO/PECHO,2021-10-27,18.40
2021100934093,4,2022-02-24,93409,TAPAPECHO/PECHO,2021-10-27,20.6
2021100934116,4,2022-02-24,93411,TAPAPECHO/PECHO,2021-10-27,18.1
2021100934147,9,2022-02-24,93414,LOMO VETADO/BIFE ANCHO,2021-10-27,22.40
2021100934185,5,2022-02-24,93418,TAPAPECHO/PECHO,2021-10-27,20.6
2021100934246,9,2022-02-24,93424,LOMO VETADO/BIFE ANCHO,2021-10-27,20.40
2021100934253,4,2022-02-24,93425,TAPAPECHO/PECHO,2021-10-27,20.05
2021100934314,4,2022-02-24,93431,TAPAPECHO/PECHO,2021-10-27,18.85
2021100934321,9,2022-02-24,93432,LOMO VETADO/BIFE ANCHO,2021-10-27,20.85
2021100934352,4,2022-02-24,93435,TAPAPECHO/PECHO,2021-10-27,18.8
2021100934376,9,2022-02-24,93437,LOMO VETADO/BIFE ANCHO,2021-10-27,20.5
2021100934390,4,2022-02-24,93439,TAPAPECHO/PECHO,2021-10-27,18.65
2021100934468,11,2022-02-24,93446,PUNTA DE PALETA/MARUCHA,2021-10-27,21.8
2021100934482,19,2022-02-24,93448,CHOCLILLO/CHINGOLO,2021-10-27,22.7
2021100934529,8,2022-02-24,93452,LOMO VETADO/BIFE ANCHO,2021-10-27,20.7
2021100934536,4,2022-02-24,93453,TAPAPECHO/PECHO,2021-10-27,20.5
2021100934581,4,2022-02-24,93458,TAPAPECHO/PECHO,2021-10-27,20.40
2021100934659,9,2022-02-24,93465,LOMO VETADO/BIFE ANCHO,2021-10-27,23.1
2021100934666,4,2022-02-24,93466,TAPAPECHO/PECHO,2021-10-27,21.45
2021100934710,5,2022-02-24,93471,TAPAPECHO/PECHO,2021-10-27,22
2021100934789,4,2022-02-24,93478,TAPAPECHO/PECHO,2021-10-27,21.85
2021100934796,8,2022-02-24,93479,LOMO VETADO/BIFE ANCHO,2021-10-27,21.3
2021100934826,4,2022-02-24,93482,TAPAPECHO/PECHO,2021-10-27,17.7
2021100934833,11,2022-02-24,93483,PUNTA DE PALETA/MARUCHA,2021-10-27,22.90
2021100934840,8,2022-02-24,93484,LOMO VETADO/BIFE ANCHO,2021-10-27,22.05
2021100934918,4,2022-02-24,93491,TAPAPECHO/PECHO,2021-10-27,19.6
2021100934956,10,2022-02-24,93495,PUNTA DE PALETA/MARUCHA,2021-10-27,20.05
2021100935007,9,2022-02-24,93500,LOMO VETADO/BIFE ANCHO,2021-10-27,22.5
2021100935038,19,2022-02-24,93503,CHOCLILLO/CHINGOLO,2021-10-27,22.45
2021100935229,8,2022-02-24,93522,LOMO VETADO/BIFE ANCHO,2021-10-27,21.3
2021100935267,8,2022-02-24,93526,LOMO VETADO/BIFE ANCHO,2021-10-27,23.45
2021100935274,10,2022-02-24,93527,PUNTA DE PALETA/MARUCHA,2021-10-27,19.95
2021100935298,18,2022-02-24,93529,CHOCLILLO/CHINGOLO,2021-10-27,21.3
2021100935335,10,2022-02-24,93533,PUNTA DE PALETA/MARUCHA,2021-10-27,21.55
2021100935366,8,2022-02-24,93536,LOMO VETADO/BIFE ANCHO,2021-10-27,22.95
2021100935564,10,2022-02-24,93556,PUNTA DE PALETA/MARUCHA,2021-10-27,20.7
2021100935625,8,2022-02-24,93562,LOMO VETADO/BIFE ANCHO,2021-10-27,22
2021100935694,8,2022-02-24,93569,LOMO VETADO/BIFE ANCHO,2021-10-27,22
2021100935748,19,2022-02-24,93574,CHOCLILLO/CHINGOLO,2021-10-27,21.25
2021100935830,18,2022-02-24,93583,CHOCLILLO/CHINGOLO,2021-10-27,21.3
2021100936271,10,2022-02-24,93627,PUNTA DE PALETA/MARUCHA,2021-10-27,20.6
2021100936417,11,2022-02-24,93641,PUNTA DE PALETA/MARUCHA,2021-10-27,21.55
2021100936592,9,2022-02-24,93659,LOMO VETADO/BIFE ANCHO,2021-10-27,21.6
2021100936776,20,2022-02-24,93677,CHOCLILLO/CHINGOLO,2021-10-27,22.05
2021100936783,5,2022-02-24,93678,POSTA ROSADA/BOLA DE LOMO,2021-10-27,21.85
2021100936844,11,2022-02-24,93684,PUNTA DE PALETA/MARUCHA,2021-10-27,21
2021100937100,8,2022-02-24,93710,LOMO VETADO/BIFE ANCHO,2021-10-27,22.5
2021100937131,10,2022-02-24,93713,PUNTA DE PALETA/MARUCHA,2021-10-27,21.55
2021100937377,10,2022-02-24,93737,PUNTA DE PALETA/MARUCHA,2021-10-27,20.25
2021100937445,19,2022-02-24,93744,CHOCLILLO/CHINGOLO,2021-10-27,21.45
2021100937506,8,2022-02-24,93750,LOMO VETADO/BIFE ANCHO,2021-10-27,22.3
2021100937568,12,2022-02-24,93756,PUNTA DE PALETA/MARUCHA,2021-10-27,22.75
2021100937605,12,2022-02-24,93760,PUNTA DE PALETA/MARUCHA,2021-10-27,22.7
2021100938183,8,2022-02-24,93818,LOMO VETADO/BIFE ANCHO,2021-10-27,21.25
2021100938190,11,2022-02-24,93819,PUNTA DE PALETA/MARUCHA,2021-10-27,21.05
2021100938350,8,2022-02-24,93835,LOMO VETADO/BIFE ANCHO,2021-10-27,22.90
2021100938541,8,2022-02-24,93854,LOMO VETADO/BIFE ANCHO,2021-10-27,23.6
2021100938565,11,2022-02-24,93856,PUNTA DE PALETA/MARUCHA,2021-10-27,21.65
2021100938589,14,2022-02-24,93858,ABASTERO / TORTUGA,2021-10-27,22.8
2021100938718,11,2022-02-24,93871,FILETE / SOLOMILLO,2021-10-27,22
2021100938763,8,2022-02-24,93876,LOMO VETADO/BIFE ANCHO,2021-10-27,22.7
2021100938824,18,2022-02-24,93882,PLATEADA/TAPA DE BIFE,2021-10-27,23.90
2021100938862,16,2022-02-24,93886,ABASTERO / TORTUGA,2021-10-27,23.90
2021100938893,11,2022-02-24,93889,PUNTA DE PALETA/MARUCHA,2021-10-27,21.8
2021100939135,12,2022-02-24,93913,FILETE / SOLOMILLO,2021-10-27,23.25
2021100939364,20,2022-02-24,93936,CHOCLILLO/CHINGOLO,2021-10-27,23.3
2021100939487,16,2022-02-24,93948,PLATEADA/TAPA DE BIFE,2021-10-27,21.7
2021100939708,8,2022-02-24,93970,LOMO VETADO/BIFE ANCHO,2021-10-27,20.85
2021100939739,15,2022-02-24,93973,ABASTERO / TORTUGA,2021-10-27,23.25
2021100939784,12,2022-02-24,93978,FILETE / SOLOMILLO,2021-10-27,23.2
2021100940094,7,2022-02-24,94009,LOMO VETADO/BIFE ANCHO,2021-10-27,23.35
2021100940193,8,2022-02-24,94019,LOMO VETADO/BIFE ANCHO,2021-10-27,21.15
2021100940223,16,2022-02-24,94022,PLATEADA/TAPA DE BIFE,2021-10-27,22.15
2021100940377,16,2022-02-24,94037,PLATEADA/TAPA DE BIFE,2021-10-27,22.95
2021100940551,13,2022-02-24,94055,ABASTERO / TORTUGA,2021-10-27,23.40
2021100940643,14,2022-02-24,94064,ABASTERO / TORTUGA,2021-10-27,22.8
2021100941206,16,2022-02-24,94120,PLATEADA/TAPA DE BIFE,2021-10-27,21.90
2021100941923,16,2022-02-24,94192,PLATEADA/TAPA DE BIFE,2021-10-27,22.15
2021100941985,21,2022-02-24,94198,CHOCLILLO/CHINGOLO,2021-10-27,23.95
2021100942715,28,2022-02-24,94271,CHOCLILLO/CHINGOLO,2021-10-27,22.1
2021100943033,10,2022-02-24,94303,PLATEADA/TAPA DE BIFE,2021-10-27,13.4
2021100943330,36,2022-02-24,94333,PALANCA/BIFE DE VACIO,2021-10-27,21.15
2021100943736,21,2022-02-24,94373,CHOCLILLO/CHINGOLO,2021-10-27,21.55
2021100944245,11,2022-02-24,94424,ABASTERO / TORTUGA,2021-10-27,17.45
2021100944627,12,2022-02-24,94462,PLATEADA/TAPA DE BIFE,2021-10-27,15.75
2021100944689,10,2022-02-24,94468,FILETE / SOLOMILLO,2021-10-27,19.40
2021100945174,10,2022-02-24,94517,ABASTERO / TORTUGA,2021-10-27,13.85
2021100945617,36,2022-02-24,94561,PALANCA/BIFE DE VACIO,2021-10-27,22.2
2021100945976,7,2022-02-24,94597,POSTA DE PALETA/ PALETA,2021-10-27,19.1
2021100945990,40,2022-02-24,94599,PALANCA/BIFE DE VACIO,2021-10-27,22.95
2021100946027,36,2022-02-24,94602,PALANCA/BIFE DE VACIO,2021-10-27,21.85
2021100946539,3,2022-02-25,94653,POSTA NEGRA/NALGA DE ADENTRO,2021-10-28,22.15
2021100946546,3,2022-02-25,94654,POSTA NEGRA/NALGA DE ADENTRO,2021-10-28,21.85
2021100946553,5,2022-02-25,94655,GANSO/CUADRADA,2021-10-28,20.2
2021100946577,2,2022-02-25,94657,POSTA NEGRA/NALGA DE ADENTRO,2021-10-28,21.40
2021100946591,2,2022-02-25,94659,POSTA NEGRA/NALGA DE ADENTRO,2021-10-28,20.90
2021100946614,5,2022-02-25,94661,GANSO/CUADRADA,2021-10-28,21.15
2021100946669,2,2022-02-25,94666,POSTA NEGRA/NALGA DE ADENTRO,2021-10-28,20.85
2021100946683,2,2022-02-25,94668,POSTA NEGRA/NALGA DE ADENTRO,2021-10-28,21.95
2021100946751,5,2022-02-25,94675,GANSO/CUADRADA,2021-10-28,23.1
2021100946768,9,2022-02-25,94676,LOMO VETADO/BIFE ANCHO,2021-10-28,21.90
2021100946775,5,2022-02-25,94677,GANSO/CUADRADA,2021-10-28,22.75
2021100946805,3,2022-02-25,94680,POSTA NEGRA/NALGA DE ADENTRO,2021-10-28,19.8
2021100946850,8,2022-02-25,94685,LOMO VETADO/BIFE ANCHO,2021-10-28,21.45
2021100946874,16,2022-02-25,94687,ABASTERO / TORTUGA,2021-10-28,21.2
2021100946898,5,2022-02-25,94689,GANSO/CUADRADA,2021-10-28,21.6
2021100947031,3,2022-02-25,94703,POSTA NEGRA/NALGA DE ADENTRO,2021-10-28,19.6
2021100947093,3,2022-02-25,94709,POSTA NEGRA/NALGA DE ADENTRO,2021-10-28,20.45
2021100947161,3,2022-02-25,94716,POSTA NEGRA/NALGA DE ADENTRO,2021-10-28,21.2
2021100947178,5,2022-02-25,94717,GANSO/CUADRADA,2021-10-28,18.5
2021100947222,8,2022-02-25,94722,LOMO VETADO/BIFE ANCHO,2021-10-28,21.25
2021100947284,3,2022-02-25,94728,POSTA NEGRA/NALGA DE ADENTRO,2021-10-28,19.1
2021100947307,3,2022-02-25,94730,POSTA NEGRA/NALGA DE ADENTRO,2021-10-28,19.85
2021100947321,8,2022-02-25,94732,LOMO VETADO/BIFE ANCHO,2021-10-28,19.40
2021100947499,3,2022-02-25,94749,POSTA NEGRA/NALGA DE ADENTRO,2021-10-28,21.25
2021100947505,5,2022-02-25,94750,GANSO/CUADRADA,2021-10-28,19.3
2021100947536,6,2022-02-25,94753,GANSO/CUADRADA,2021-10-28,21.55
2021100947611,5,2022-02-25,94761,GANSO/CUADRADA,2021-10-28,18.85
2021100947710,5,2022-02-25,94771,GANSO/CUADRADA,2021-10-28,20.6
2021100947758,5,2022-02-25,94775,GANSO/CUADRADA,2021-10-28,21.1
2021100947772,5,2022-02-25,94777,GANSO/CUADRADA,2021-10-28,20.25
2021100947826,3,2022-02-25,94782,POSTA NEGRA/NALGA DE ADENTRO,2021-10-28,19.15
2021100947864,5,2022-02-25,94786,GANSO/CUADRADA,2021-10-28,21.55
2021100947888,2,2022-02-25,94788,POSTA NEGRA/NALGA DE ADENTRO,2021-10-28,20.95
2021100948083,3,2022-02-25,94808,POSTA NEGRA/NALGA DE ADENTRO,2021-10-28,19.7
2021100948090,2,2022-02-25,94809,POSTA NEGRA/NALGA DE ADENTRO,2021-10-28,21.65
2021100948137,2,2022-02-25,94813,POSTA NEGRA/NALGA DE ADENTRO,2021-10-28,18.95
2021100948144,2,2022-02-25,94814,POSTA NEGRA/NALGA DE ADENTRO,2021-10-28,21.2
2021100948175,5,2022-02-25,94817,GANSO/CUADRADA,2021-10-28,21.6
2021100948205,3,2022-02-25,94820,POSTA NEGRA/NALGA DE ADENTRO,2021-10-28,20.6
2021100948243,18,2022-02-25,94824,PLATEADA/TAPA DE BIFE,2021-10-28,19.8
2021100948274,2,2022-02-25,94827,POSTA NEGRA/NALGA DE ADENTRO,2021-10-28,20.1
2021100948298,2,2022-02-25,94829,POSTA NEGRA/NALGA DE ADENTRO,2021-10-28,20.15
2021100948465,5,2022-02-25,94846,GANSO/CUADRADA,2021-10-28,21.95
2021100948502,2,2022-02-25,94850,POSTA NEGRA/NALGA DE ADENTRO,2021-10-28,19.15
2021100948618,2,2022-02-25,94861,POSTA NEGRA/NALGA DE ADENTRO,2021-10-28,18.90
2021100948649,11,2022-02-25,94864,LOMO VETADO/BIFE ANCHO,2021-10-28,19.15
2021100948656,5,2022-02-25,94865,GANSO/CUADRADA,2021-10-28,20.65
2021100948694,18,2022-02-25,94869,PLATEADA/TAPA DE BIFE,2021-10-28,21.40
2021100948717,3,2022-02-25,94871,POSTA NEGRA/NALGA DE ADENTRO,2021-10-28,20.40
2021100948854,16,2022-02-25,94885,PLATEADA/TAPA DE BIFE,2021-10-28,20.1
2021100948878,5,2022-02-25,94887,GANSO/CUADRADA,2021-10-28,19.2
2021100948908,3,2022-02-25,94890,POSTA NEGRA/NALGA DE ADENTRO,2021-10-28,20.1
2021100948939,3,2022-02-25,94893,POSTA NEGRA/NALGA DE ADENTRO,2021-10-28,22.1
2021100949066,2,2022-02-25,94906,POSTA NEGRA/NALGA DE ADENTRO,2021-10-28,19.75
2021100949295,5,2022-02-25,94929,GANSO/CUADRADA,2021-10-28,21.40
2021100949394,2,2022-02-25,94939,POSTA NEGRA/NALGA DE ADENTRO,2021-10-28,21.40
2021100949400,3,2022-02-25,94940,POSTA NEGRA/NALGA DE ADENTRO,2021-10-28,19.65
2021100949417,3,2022-02-25,94941,POSTA NEGRA/NALGA DE ADENTRO,2021-10-28,19.35
2021100949431,3,2022-02-25,94943,POSTA NEGRA/NALGA DE ADENTRO,2021-10-28,19.75
2021100949448,5,2022-02-25,94944,GANSO/CUADRADA,2021-10-28,22.35
2021100949554,3,2022-02-25,94955,POSTA NEGRA/NALGA DE ADENTRO,2021-10-28,20
2021100949622,5,2022-02-25,94962,GANSO/CUADRADA,2021-10-28,22
2021100949752,5,2022-02-25,94975,GANSO/CUADRADA,2021-10-28,21.75
2021100949769,3,2022-02-25,94976,POSTA NEGRA/NALGA DE ADENTRO,2021-10-28,20.5
2021100949974,18,2022-02-25,94997,PLATEADA/TAPA DE BIFE,2021-10-28,19.5
2021100950321,5,2022-02-25,95032,GANSO/CUADRADA,2021-10-28,19.85
2021100950406,18,2022-02-25,95040,PLATEADA/TAPA DE BIFE,2021-10-28,18.90
2021100950505,5,2022-02-25,95050,GANSO/CUADRADA,2021-10-28,21.95
2021100950611,6,2022-02-25,95061,GANSO/CUADRADA,2021-10-28,20.7
2021100950635,6,2022-02-25,95063,GANSO/CUADRADA,2021-10-28,17.95
2021100950949,7,2022-02-25,95094,GANSO/CUADRADA,2021-10-28,21.85
2021100950987,6,2022-02-25,95098,GANSO/CUADRADA,2021-10-28,18.15
2021100951069,6,2022-02-25,95106,GANSO/CUADRADA,2021-10-28,22.65
2021100951397,20,2022-02-25,95139,PLATEADA/TAPA DE BIFE,2021-10-28,18.1
2021100951533,7,2022-02-25,95153,GANSO/CUADRADA,2021-10-28,21.25
2021100951540,18,2022-02-25,95154,PLATEADA/TAPA DE BIFE,2021-10-28,18.8
2021100951830,8,2022-02-25,95183,GANSO/CUADRADA,2021-10-28,23.40
2021100952110,7,2022-02-25,95211,GANSO/CUADRADA,2021-10-28,22.6
2021100952356,5,2022-02-25,95235,GANSO/CUADRADA,2021-10-28,20.55
2021100952417,52,2022-02-25,95241,ENTRAÑA / ENTRAÑA,2021-10-28,19.35
2021100952455,5,2022-02-25,95245,GANSO/CUADRADA,2021-10-28,20.25
2021100952592,5,2022-02-25,95259,GANSO/CUADRADA,2021-10-28,19.5
2021100952691,18,2022-02-25,95269,PLATEADA/TAPA DE BIFE,2021-10-28,19.1
2021100952790,6,2022-02-25,95279,GANSO/CUADRADA,2021-10-28,21.40
2021100953339,5,2022-02-25,95333,GANSO/CUADRADA,2021-10-28,15.75
2021100953438,16,2022-02-25,95343,PLATEADA/TAPA DE BIFE,2021-10-28,18.85
2021100953858,16,2022-02-25,95385,PLATEADA/TAPA DE BIFE,2021-10-28,21.5
2021100953902,7,2022-02-25,95390,GANSO/CUADRADA,2021-10-28,22.90
2021100954152,5,2022-02-25,95415,GANSO/CUADRADA,2021-10-28,19.40
2021100954411,6,2022-02-25,95441,GANSO/CUADRADA,2021-10-28,22.5
2021100954497,5,2022-02-25,95449,GANSO/CUADRADA,2021-10-28,19.85
2021100954503,5,2022-02-25,95450,GANSO/CUADRADA,2021-10-28,20.8
2021100954541,16,2022-02-25,95454,PLATEADA/TAPA DE BIFE,2021-10-28,22
2021100954596,5,2022-02-25,95459,GANSO/CUADRADA,2021-10-28,20.6
2021100954770,6,2022-02-25,95477,GANSO/CUADRADA,2021-10-28,21.45
2021100955142,6,2022-02-25,95514,GANSO/CUADRADA,2021-10-28,20.85
2021100955265,14,2022-02-25,95526,PLATEADA/TAPA DE BIFE,2021-10-28,19.75
2021100955326,5,2022-02-25,95532,GANSO/CUADRADA,2021-10-28,19.7
2021100955425,6,2022-02-25,95542,GANSO/CUADRADA,2021-10-28,21.25
2021100955586,5,2022-02-25,95558,GANSO/CUADRADA,2021-10-28,19
2021100955913,6,2022-02-25,95591,GANSO/CUADRADA,2021-10-28,20.85
2021100955937,7,2022-02-25,95593,GANSO/CUADRADA,2021-10-28,23.95
2021100956132,6,2022-02-25,95613,GANSO/CUADRADA,2021-10-28,21.55
2021100956491,16,2022-02-25,95649,PLATEADA/TAPA DE BIFE,2021-10-28,20.90
2021100956811,20,2022-02-25,95681,PLATEADA/TAPA DE BIFE,2021-10-28,21.8
2021100956972,56,2022-02-25,95697,ENTRAÑA / ENTRAÑA,2021-10-28,19.2
2021100957269,16,2022-02-25,95726,PLATEADA/TAPA DE BIFE,2021-10-28,20.1
2021100959720,64,2022-02-25,95972,ENTRAÑA / ENTRAÑA,2021-10-28,22.45
2021100961921,52,2022-02-25,96192,ENTRAÑA / ENTRAÑA,2021-10-28,19.2
2021100965851,8,2022-02-25,96585,PUNTA DE PALETA/MARUCHA,2021-10-28,22.5
2021100965967,3,2022-02-25,96596,POSTA NEGRA/NALGA DE ADENTRO,2021-10-28,23.3
2021100965981,10,2022-02-25,96598,PUNTA DE PALETA/MARUCHA,2021-10-28,21.05
2021100966063,2,2022-02-25,96606,POSTA NEGRA/NALGA DE ADENTRO,2021-10-28,23.1
2021100966131,3,2022-02-25,96613,POSTA NEGRA/NALGA DE ADENTRO,2021-10-28,23.1
2021100966179,3,2022-02-25,96617,POSTA NEGRA/NALGA DE ADENTRO,2021-10-28,22.85
2021100966261,2,2022-02-25,96626,POSTA NEGRA/NALGA DE ADENTRO,2021-10-28,17.05
2021100966407,2,2022-02-25,96640,POSTA NEGRA/NALGA DE ADENTRO,2021-10-28,16.15
2021100966469,2,2022-02-25,96646,POSTA NEGRA/NALGA DE ADENTRO,2021-10-28,17.55
2021100966698,2,2022-02-25,96669,POSTA NEGRA/NALGA DE ADENTRO,2021-10-28,16.15
2021100966834,2,2022-02-25,96683,POSTA NEGRA/NALGA DE ADENTRO,2021-10-28,23.65
2021100966889,2,2022-02-25,96688,POSTA NEGRA/NALGA DE ADENTRO,2021-10-28,16.4
2021100966902,2,2022-02-25,96690,POSTA NEGRA/NALGA DE ADENTRO,2021-10-28,16.7
2021100966957,2,2022-02-25,96695,POSTA NEGRA/NALGA DE ADENTRO,2021-10-28,23.15
2021100967015,2,2022-02-25,96701,POSTA NEGRA/NALGA DE ADENTRO,2021-10-28,22.90
2021100967121,2,2022-02-25,96712,POSTA NEGRA/NALGA DE ADENTRO,2021-10-28,16.95
2021100967169,2,2022-02-25,96716,POSTA NEGRA/NALGA DE ADENTRO,2021-10-28,15.9
2021100967176,3,2022-02-25,96717,POSTA NEGRA/NALGA DE ADENTRO,2021-10-28,24.1
2021100967329,2,2022-02-25,96732,POSTA NEGRA/NALGA DE ADENTRO,2021-10-28,16.45
2021100967336,2,2022-02-25,96733,POSTA NEGRA/NALGA DE ADENTRO,2021-10-28,16
2021100967367,2,2022-02-25,96736,POSTA NEGRA/NALGA DE ADENTRO,2021-10-28,16.4
2021100967374,2,2022-02-25,96737,POSTA NEGRA/NALGA DE ADENTRO,2021-10-28,15.950000000000001
2021100967442,3,2022-02-25,96744,POSTA NEGRA/NALGA DE ADENTRO,2021-10-28,21.75
2021100967534,3,2022-02-25,96753,POSTA NEGRA/NALGA DE ADENTRO,2021-10-28,22.95
2021100967565,2,2022-02-25,96756,POSTA NEGRA/NALGA DE ADENTRO,2021-10-28,15.5
2021100967572,2,2022-02-25,96757,POSTA NEGRA/NALGA DE ADENTRO,2021-10-28,16.3
2021100967633,2,2022-02-25,96763,POSTA NEGRA/NALGA DE ADENTRO,2021-10-28,15.8
2021100967756,2,2022-02-25,96775,POSTA NEGRA/NALGA DE ADENTRO,2021-10-28,15.200000000000001
2021100967770,2,2022-02-25,96777,POSTA NEGRA/NALGA DE ADENTRO,2021-10-28,16.9
2021100967916,2,2022-02-25,96791,POSTA NEGRA/NALGA DE ADENTRO,2021-10-28,23.25
2021100968005,2,2022-02-25,96800,POSTA NEGRA/NALGA DE ADENTRO,2021-10-28,22.55
2021100968043,2,2022-02-25,96804,POSTA NEGRA/NALGA DE ADENTRO,2021-10-28,15.85
2021100968050,2,2022-02-25,96805,POSTA NEGRA/NALGA DE ADENTRO,2021-10-28,17.45
2021100968098,2,2022-02-25,96809,POSTA NEGRA/NALGA DE ADENTRO,2021-10-28,23.95
2021100968418,2,2022-02-25,96841,POSTA NEGRA/NALGA DE ADENTRO,2021-10-28,16.7
2021100968432,2,2022-02-25,96843,POSTA NEGRA/NALGA DE ADENTRO,2021-10-28,16.8
2021100968456,11,2022-02-25,96845,PUNTA DE PALETA/MARUCHA,2021-10-28,21.6
2021100968463,2,2022-02-25,96846,POSTA NEGRA/NALGA DE ADENTRO,2021-10-28,15.25
2021100968500,2,2022-02-25,96850,POSTA NEGRA/NALGA DE ADENTRO,2021-10-28,15.8
2021100968548,2,2022-02-25,96854,POSTA NEGRA/NALGA DE ADENTRO,2021-10-28,23.15
2021100968722,2,2022-02-25,96872,POSTA NEGRA/NALGA DE ADENTRO,2021-10-28,15.8
2021100968845,11,2022-02-25,96884,PUNTA DE PALETA/MARUCHA,2021-10-28,22.1
2021100968876,2,2022-02-25,96887,POSTA NEGRA/NALGA DE ADENTRO,2021-10-28,16.2
2021100968999,2,2022-02-25,96899,POSTA NEGRA/NALGA DE ADENTRO,2021-10-28,24.05
2021100969026,2,2022-02-25,96902,POSTA NEGRA/NALGA DE ADENTRO,2021-10-28,23.1
2021100969057,2,2022-02-25,96905,POSTA NEGRA/NALGA DE ADENTRO,2021-10-28,15.700000000000001
2021100969255,10,2022-02-25,96925,PUNTA DE PALETA/MARUCHA,2021-10-28,21.85
2021100969330,2,2022-02-25,96933,POSTA NEGRA/NALGA DE ADENTRO,2021-10-28,17.15
2021100969460,10,2022-02-25,96946,PUNTA DE PALETA/MARUCHA,2021-10-28,23.05
2021100969569,2,2022-02-25,96956,POSTA NEGRA/NALGA DE ADENTRO,2021-10-28,17.25
2021100969897,2,2022-02-25,96989,POSTA NEGRA/NALGA DE ADENTRO,2021-10-28,16.05
2021100969910,3,2022-02-25,96991,POSTA NEGRA/NALGA DE ADENTRO,2021-10-28,22.75
2021100970244,11,2022-02-25,97024,PUNTA DE PALETA/MARUCHA,2021-10-28,21.90
2021100970442,10,2022-02-25,97044,PUNTA DE PALETA/MARUCHA,2021-10-28,22.05
2021100970558,3,2022-02-25,97055,POSTA NEGRA/NALGA DE ADENTRO,2021-10-28,21.5
2021100970572,3,2022-02-25,97057,POSTA NEGRA/NALGA DE ADENTRO,2021-10-28,21.2
2021100970725,3,2022-02-25,97072,POSTA NEGRA/NALGA DE ADENTRO,2021-10-28,19.05
2021100970756,3,2022-02-25,97075,POSTA NEGRA/NALGA DE ADENTRO,2021-10-28,17.45
2021100971227,17,2022-02-25,97122,CHOCLILLO/CHINGOLO,2021-10-28,19.75
2021100971357,2,2022-02-25,97135,POSTA NEGRA/NALGA DE ADENTRO,2021-10-28,20.7
2021100971371,10,2022-02-25,97137,PUNTA DE PALETA/MARUCHA,2021-10-28,21.95
2021100971760,19,2022-02-25,97176,CHOCLILLO/CHINGOLO,2021-10-28,21.5
2021100971968,18,2022-02-25,97196,CHOCLILLO/CHINGOLO,2021-10-28,23.45
2021100972149,5,2022-02-25,97214,POSTA ROSADA/BOLA DE LOMO,2021-10-28,23.65
2021100972279,11,2022-02-25,97227,PUNTA DE PALETA/MARUCHA,2021-10-28,20.7
2021100972446,11,2022-02-25,97244,PUNTA DE PALETA/MARUCHA,2021-10-28,20.7
2021100972460,3,2022-02-25,97246,POSTA NEGRA/NALGA DE ADENTRO,2021-10-28,22.85
2021100972484,6,2022-02-25,97248,POSTA ROSADA/BOLA DE LOMO,2021-10-28,23.35
2021100972538,16,2022-02-25,97253,CHOCLILLO/CHINGOLO,2021-10-28,20.05
2021100972644,5,2022-02-25,97264,POSTA ROSADA/BOLA DE LOMO,2021-10-28,22.6
2021100972668,3,2022-02-25,97266,POSTA NEGRA/NALGA DE ADENTRO,2021-10-28,21.05
2021100972705,3,2022-02-25,97270,POSTA NEGRA/NALGA DE ADENTRO,2021-10-28,21.3
2021100972934,12,2022-02-25,97293,PUNTA DE PALETA/MARUCHA,2021-10-28,22.45
2021100973016,5,2022-02-25,97301,POSTA ROSADA/BOLA DE LOMO,2021-10-28,20.85
2021100973047,3,2022-02-25,97304,POSTA NEGRA/NALGA DE ADENTRO,2021-10-28,19.65
2021100973436,4,2022-02-25,97343,POSTA ROSADA/BOLA DE LOMO,2021-10-28,20.35
2021100973474,18,2022-02-25,97347,CHOCLILLO/CHINGOLO,2021-10-28,21.25
2021100973511,11,2022-02-25,97351,PUNTA DE PALETA/MARUCHA,2021-10-28,21.25
2021100973641,4,2022-02-25,97364,POSTA ROSADA/BOLA DE LOMO,2021-10-28,20.6
2021100973764,4,2022-02-25,97376,POSTA ROSADA/BOLA DE LOMO,2021-10-28,20.1
2021100973900,12,2022-02-25,97390,PUNTA DE PALETA/MARUCHA,2021-10-28,20.85
2021100974143,68,2022-02-25,97414,ENTRAÑA / ENTRAÑA,2021-10-28,22.5
2021100974266,5,2022-02-25,97426,ASIENTO / CUADRIL,2021-10-28,22.85
2021100974303,4,2022-02-25,97430,POSTA ROSADA/BOLA DE LOMO,2021-10-28,19.5
2021100974341,12,2022-02-25,97434,PUNTA DE PALETA/MARUCHA,2021-10-28,20.95
2021100974495,6,2022-02-25,97449,POSTA ROSADA/BOLA DE LOMO,2021-10-28,22.65
2021100974525,5,2022-02-25,97452,ASIENTO / CUADRIL,2021-10-28,22.65
2021100974631,5,2022-02-25,97463,POSTA ROSADA/BOLA DE LOMO,2021-10-28,21.1
2021100974747,5,2022-02-25,97474,ASIENTO / CUADRIL,2021-10-28,21.90
2021100974877,6,2022-02-25,97487,POSTA ROSADA/BOLA DE LOMO,2021-10-28,21.8
2021100974891,18,2022-02-25,97489,CHOCLILLO/CHINGOLO,2021-10-28,22.90
2021100975010,5,2022-02-25,97501,ASIENTO / CUADRIL,2021-10-28,23.40
2021100975034,12,2022-02-25,97503,PUNTA DE PALETA/MARUCHA,2021-10-28,22.15
2021100975218,6,2022-02-25,97521,POSTA ROSADA/BOLA DE LOMO,2021-10-28,21.05
2021100975348,5,2022-02-25,97534,POSTA ROSADA/BOLA DE LOMO,2021-10-28,19.95
2021100975386,13,2022-02-25,97538,PUNTA DE PALETA/MARUCHA,2021-10-28,21.5
2021100975478,20,2022-02-25,97547,CHOCLILLO/CHINGOLO,2021-10-28,22.65
2021100975577,5,2022-02-25,97557,POSTA ROSADA/BOLA DE LOMO,2021-10-28,21.85
2021100975621,4,2022-02-25,97562,ASIENTO / CUADRIL,2021-10-28,21.15
2021100976031,5,2022-02-25,97603,POSTA ROSADA/BOLA DE LOMO,2021-10-28,22.25
2021100976062,12,2022-02-25,97606,PUNTA DE PALETA/MARUCHA,2021-10-28,20.3
2021100976192,6,2022-02-25,97619,ASIENTO / CUADRIL,2021-10-28,21.95
2021100976253,5,2022-02-25,97625,POSTA ROSADA/BOLA DE LOMO,2021-10-28,22.45
2021100976314,6,2022-02-25,97631,ASIENTO / CUADRIL,2021-10-28,22.40
2021100976376,22,2022-02-25,97637,CHOCLILLO/CHINGOLO,2021-10-28,22.65
2021100976406,5,2022-02-25,97640,POSTA ROSADA/BOLA DE LOMO,2021-10-28,21.3
2021100976536,12,2022-02-25,97653,PUNTA DE PALETA/MARUCHA,2021-10-28,22.7
2021100976604,4,2022-02-25,97660,POSTA ROSADA/BOLA DE LOMO,2021-10-28,18.40
2021100976697,6,2022-02-25,97669,ASIENTO / CUADRIL,2021-10-28,22.15
2021100976758,4,2022-02-25,97675,POSTA ROSADA/BOLA DE LOMO,2021-10-28,22.1
2021100976963,7,2022-02-25,97696,ASIENTO / CUADRIL,2021-10-28,20.95
2021100976994,5,2022-02-25,97699,POSTA ROSADA/BOLA DE LOMO,2021-10-28,22.85
2021100977113,5,2022-02-25,97711,POSTA ROSADA/BOLA DE LOMO,2021-10-28,22.65
2021100977151,12,2022-02-25,97715,PUNTA DE PALETA/MARUCHA,2021-10-28,20.55
2021100977205,4,2022-02-25,97720,POSTA ROSADA/BOLA DE LOMO,2021-10-28,22.75
2021100977267,6,2022-02-25,97726,ASIENTO / CUADRIL,2021-10-28,22.2
2021100977410,15,2022-02-25,97741,PUNTA DE PALETA/MARUCHA,2021-10-28,21.8
2021100977441,5,2022-02-25,97744,POSTA ROSADA/BOLA DE LOMO,2021-10-28,22.75
2021100977519,2,2022-02-25,97751,POSTA NEGRA/NALGA DE ADENTRO,2021-10-28,15.75
2021100977540,2,2022-02-25,97754,POSTA NEGRA/NALGA DE ADENTRO,2021-10-28,22
2021100977595,7,2022-02-25,97759,ASIENTO / CUADRIL,2021-10-28,24
2021100977618,3,2022-02-25,97761,POSTA NEGRA/NALGA DE ADENTRO,2021-10-28,21.65
2021100977700,20,2022-02-25,97770,CHOCLILLO/CHINGOLO,2021-10-28,22.5
2021100977755,2,2022-02-25,97775,POSTA NEGRA/NALGA DE ADENTRO,2021-10-28,16.35
2021100977762,2,2022-02-25,97776,POSTA NEGRA/NALGA DE ADENTRO,2021-10-28,16.85
2021100977847,3,2022-02-25,97784,POSTA NEGRA/NALGA DE ADENTRO,2021-10-28,22.75
2021100977854,5,2022-02-25,97785,POSTA ROSADA/BOLA DE LOMO,2021-10-28,22.05
2021100977908,3,2022-02-25,97790,POSTA NEGRA/NALGA DE ADENTRO,2021-10-28,21.85
2021100977953,3,2022-02-25,97795,POSTA NEGRA/NALGA DE ADENTRO,2021-10-28,20.55
2021100978066,5,2022-02-25,97806,POSTA ROSADA/BOLA DE LOMO,2021-10-28,21.45
2021100978110,2,2022-02-25,97811,POSTA NEGRA/NALGA DE ADENTRO,2021-10-28,16.35
2021100978240,12,2022-02-25,97824,PUNTA DE PALETA/MARUCHA,2021-10-28,21.1
2021100978264,3,2022-02-25,97826,POSTA NEGRA/NALGA DE ADENTRO,2021-10-28,22.5
2021100978318,3,2022-02-25,97831,POSTA NEGRA/NALGA DE ADENTRO,2021-10-28,22.75
2021100978424,5,2022-02-25,97842,POSTA ROSADA/BOLA DE LOMO,2021-10-28,23.85
2021100978479,3,2022-02-25,97847,POSTA NEGRA/NALGA DE ADENTRO,2021-10-28,20.95
2021100978516,3,2022-02-25,97851,POSTA NEGRA/NALGA DE ADENTRO,2021-10-28,22.40
2021100978523,2,2022-02-25,97852,POSTA NEGRA/NALGA DE ADENTRO,2021-10-28,18.55
2021100978691,3,2022-02-25,97869,POSTA NEGRA/NALGA DE ADENTRO,2021-10-28,18.6
2021100978714,20,2022-02-25,97871,CHOCLILLO/CHINGOLO,2021-10-28,22.40
2021100978851,3,2022-02-25,97885,POSTA NEGRA/NALGA DE ADENTRO,2021-10-28,20.6
2021100978905,2,2022-02-25,97890,POSTA NEGRA/NALGA DE ADENTRO,2021-10-28,21.15
2021100978929,5,2022-02-25,97892,POSTA ROSADA/BOLA DE LOMO,2021-10-28,22.2
2021100978967,3,2022-02-25,97896,POSTA NEGRA/NALGA DE ADENTRO,2021-10-28,18.65
2021100978998,2,2022-02-25,97899,POSTA NEGRA/NALGA DE ADENTRO,2021-10-28,20.05
2021100979025,2,2022-02-25,97902,POSTA NEGRA/NALGA DE ADENTRO,2021-10-28,20.1
2021100979094,5,2022-02-25,97909,POSTA ROSADA/BOLA DE LOMO,2021-10-28,21.3
2021100979193,2,2022-02-25,97919,POSTA NEGRA/NALGA DE ADENTRO,2021-10-28,18.75
2021100979247,3,2022-02-25,97924,POSTA NEGRA/NALGA DE ADENTRO,2021-10-28,20.55
2021100979292,12,2022-02-25,97929,PUNTA DE PALETA/MARUCHA,2021-10-28,21.35
2021100979544,5,2022-02-25,97954,POSTA ROSADA/BOLA DE LOMO,2021-10-28,20.6
2021100979612,5,2022-02-25,97961,POSTA ROSADA/BOLA DE LOMO,2021-10-28,20.3
2021100979704,3,2022-02-25,97970,POSTA NEGRA/NALGA DE ADENTRO,2021-10-28,19.45
2021100979742,3,2022-02-25,97974,POSTA NEGRA/NALGA DE ADENTRO,2021-10-28,21.5
2021100979773,6,2022-02-25,97977,POSTA ROSADA/BOLA DE LOMO,2021-10-28,23.5
2021100979780,2,2022-02-25,97978,POSTA NEGRA/NALGA DE ADENTRO,2021-10-28,22.6
2021100979889,3,2022-02-25,97988,POSTA NEGRA/NALGA DE ADENTRO,2021-10-28,24.1
2021100979902,2,2022-02-25,97990,POSTA NEGRA/NALGA DE ADENTRO,2021-10-28,19.8
2021100979919,3,2022-02-25,97991,POSTA NEGRA/NALGA DE ADENTRO,2021-10-28,18.55
2021100980007,2,2022-02-25,98000,POSTA NEGRA/NALGA DE ADENTRO,2021-10-28,19.2
2021100980045,3,2022-02-25,98004,POSTA NEGRA/NALGA DE ADENTRO,2021-10-28,19.85
2021100980052,3,2022-02-25,98005,POSTA NEGRA/NALGA DE ADENTRO,2021-10-28,22
2021100980106,3,2022-02-25,98010,POSTA NEGRA/NALGA DE ADENTRO,2021-10-28,22.5
2021100980144,5,2022-02-25,98014,POSTA ROSADA/BOLA DE LOMO,2021-10-28,21.05
2021100980175,5,2022-02-25,98017,POSTA ROSADA/BOLA DE LOMO,2021-10-28,21.1
2021100980298,5,2022-02-25,98029,POSTA ROSADA/BOLA DE LOMO,2021-10-28,21.25
2021100980434,3,2022-02-25,98043,POSTA NEGRA/NALGA DE ADENTRO,2021-10-28,21.15
2021100980441,5,2022-02-25,98044,POSTA ROSADA/BOLA DE LOMO,2021-10-28,21.75
2021100980489,3,2022-02-25,98048,POSTA NEGRA/NALGA DE ADENTRO,2021-10-28,21.25
2021100980564,2,2022-02-25,98056,POSTA NEGRA/NALGA DE ADENTRO,2021-10-28,19.95
2021100980595,2,2022-02-25,98059,POSTA NEGRA/NALGA DE ADENTRO,2021-10-28,21.25
2021100980656,6,2022-02-25,98065,POSTA ROSADA/BOLA DE LOMO,2021-10-28,22.7
2021100980861,5,2022-02-25,98086,POSTA ROSADA/BOLA DE LOMO,2021-10-28,20.1
2021100980892,3,2022-02-25,98089,POSTA NEGRA/NALGA DE ADENTRO,2021-10-28,20.65
2021100980960,5,2022-02-25,98096,POSTA ROSADA/BOLA DE LOMO,2021-10-28,20.55
2021100981387,3,2022-02-25,98138,POSTA NEGRA/NALGA DE ADENTRO,2021-10-28,18.1
2021100981493,3,2022-02-25,98149,POSTA NEGRA/NALGA DE ADENTRO,2021-10-28,19.45
2021100981585,3,2022-02-25,98158,POSTA NEGRA/NALGA DE ADENTRO,2021-10-28,20.1
2021100981615,3,2022-02-25,98161,POSTA NEGRA/NALGA DE ADENTRO,2021-10-28,19.90
2021100981745,2,2022-02-25,98174,POSTA NEGRA/NALGA DE ADENTRO,2021-10-28,21.35
2021100982308,6,2022-02-25,98230,POSTA ROSADA/BOLA DE LOMO,2021-10-28,22.2
2021100982421,6,2022-02-25,98242,POSTA ROSADA/BOLA DE LOMO,2021-10-28,21.65
2021100982520,6,2022-02-25,98252,POSTA ROSADA/BOLA DE LOMO,2021-10-28,23.90
2021100982841,5,2022-02-25,98284,POSTA ROSADA/BOLA DE LOMO,2021-10-28,21.90
2021100983121,6,2022-02-25,98312,POSTA ROSADA/BOLA DE LOMO,2021-10-28,21.35
2021100983176,6,2022-02-25,98317,POSTA ROSADA/BOLA DE LOMO,2021-10-28,24.1
2021100983497,7,2022-02-25,98349,POSTA ROSADA/BOLA DE LOMO,2021-10-28,23.2
2021100983923,3,2022-02-25,98392,POSTA NEGRA/NALGA DE ADENTRO,2021-10-28,18.95
2021100983947,2,2022-02-25,98394,POSTA NEGRA/NALGA DE ADENTRO,2021-10-28,14.4
2021100984227,2,2022-02-25,98422,POSTA NEGRA/NALGA DE ADENTRO,2021-10-28,14
2021100984890,5,2022-02-25,98489,POSTA ROSADA/BOLA DE LOMO,2021-10-28,16.05
2021100984937,5,2022-02-25,98493,POSTA ROSADA/BOLA DE LOMO,2021-10-28,20.2
2021100985019,5,2022-02-25,98501,POSTA ROSADA/BOLA DE LOMO,2021-10-28,19.65
2021100985101,12,2022-02-25,98510,POLLO GANSO/PECETO,2021-10-28,21.5
2021100987129,5,2022-02-26,98712,GANSO/CUADRADA,2021-10-29,21.90
2021100987211,10,2022-02-26,98721,FILETE / SOLOMILLO,2021-10-29,22.45
2021100987341,9,2022-02-26,98734,POLLO GANSO/PECETO,2021-10-29,22.65
2021100987426,5,2022-02-26,98742,GANSO/CUADRADA,2021-10-29,21.2
2021100987471,5,2022-02-26,98747,GANSO/CUADRADA,2021-10-29,22.1
2021100987709,5,2022-02-26,98770,GANSO/CUADRADA,2021-10-29,21.3
2021100987716,4,2022-02-26,98771,GANSO/CUADRADA,2021-10-29,20.90
2021100987730,11,2022-02-26,98773,FILETE / SOLOMILLO,2021-10-29,23.45
2021100987792,5,2022-02-26,98779,GANSO/CUADRADA,2021-10-29,22.7
2021100987914,5,2022-02-26,98791,GANSO/CUADRADA,2021-10-29,22.6
2021100987921,5,2022-02-26,98792,GANSO/CUADRADA,2021-10-29,23.5
2021100988225,6,2022-02-26,98822,ASIENTO / CUADRIL,2021-10-29,23.55
2021100988232,4,2022-02-26,98823,GANSO/CUADRADA,2021-10-29,21.65
2021100988287,10,2022-02-26,98828,FILETE / SOLOMILLO,2021-10-29,21.8
2021100988386,4,2022-02-26,98838,GANSO/CUADRADA,2021-10-29,21.6
2021100988461,4,2022-02-26,98846,GANSO/CUADRADA,2021-10-29,21.15
2021100988485,6,2022-02-26,98848,ASIENTO / CUADRIL,2021-10-29,21.25
2021100988614,5,2022-02-26,98861,GANSO/CUADRADA,2021-10-29,21.75
2021100988645,11,2022-02-26,98864,FILETE / SOLOMILLO,2021-10-29,23.1
2021100988706,6,2022-02-26,98870,ASIENTO / CUADRIL,2021-10-29,20.90
2021100988713,9,2022-02-26,98871,POLLO GANSO/PECETO,2021-10-29,24
2021100988744,4,2022-02-26,98874,GANSO/CUADRADA,2021-10-29,22.85
2021100988874,6,2022-02-26,98887,ASIENTO / CUADRIL,2021-10-29,20.15
2021100988928,4,2022-02-26,98892,GANSO/CUADRADA,2021-10-29,18.8
2021100989017,9,2022-02-26,98901,POLLO GANSO/PECETO,2021-10-29,22.65
2021100989147,5,2022-02-26,98914,GANSO/CUADRADA,2021-10-29,23.45
2021100989161,10,2022-02-26,98916,FILETE / SOLOMILLO,2021-10-29,22.2
2021100989192,7,2022-02-26,98919,ASIENTO / CUADRIL,2021-10-29,23.05
2021100989277,5,2022-02-26,98927,GANSO/CUADRADA,2021-10-29,18.90
2021100989345,7,2022-02-26,98934,ASIENTO / CUADRIL,2021-10-29,23.1
2021100989444,9,2022-02-26,98944,POLLO GANSO/PECETO,2021-10-29,22.25
2021100989475,11,2022-02-26,98947,FILETE / SOLOMILLO,2021-10-29,22.75
2021100989529,4,2022-02-26,98952,GANSO/CUADRADA,2021-10-29,19.3
2021100989574,6,2022-02-26,98957,ASIENTO / CUADRIL,2021-10-29,22.45
2021100989635,4,2022-02-26,98963,GANSO/CUADRADA,2021-10-29,20.5
2021100989703,6,2022-02-26,98970,ASIENTO / CUADRIL,2021-10-29,23
2021100989741,5,2022-02-26,98974,GANSO/CUADRADA,2021-10-29,20.35
2021100989963,6,2022-02-26,98996,ASIENTO / CUADRIL,2021-10-29,21.85
2021100989987,8,2022-02-26,98998,POLLO GANSO/PECETO,2021-10-29,21.75
2021100990068,6,2022-02-26,99006,ASIENTO / CUADRIL,2021-10-29,22.75
2021100990198,6,2022-02-26,99019,ASIENTO / CUADRIL,2021-10-29,22.05
2021100990310,4,2022-02-26,99031,GANSO/CUADRADA,2021-10-29,19.40
2021100990327,20,2022-02-26,99032,PUNTA DE PICANA/COLITA CUADRIL,2021-10-29,19.6
2021100990471,7,2022-02-26,99047,ASIENTO / CUADRIL,2021-10-29,21.7
2021100990495,10,2022-02-26,99049,POLLO GANSO/PECETO,2021-10-29,21.90
2021100990549,4,2022-02-26,99054,GANSO/CUADRADA,2021-10-29,20.65
2021100990808,11,2022-02-26,99080,FILETE / SOLOMILLO,2021-10-29,23.45
2021100990983,12,2022-02-26,99098,POLLO GANSO/PECETO,2021-10-29,22.40
2021100991010,7,2022-02-26,99101,ASIENTO / CUADRIL,2021-10-29,23.05
2021100991089,20,2022-02-26,99108,PUNTA DE PICANA/COLITA CUADRIL,2021-10-29,20.25
2021100991140,7,2022-02-26,99114,ASIENTO / CUADRIL,2021-10-29,23.05
2021100991249,6,2022-02-26,99124,ASIENTO / CUADRIL,2021-10-29,22.90
2021100991461,7,2022-02-26,99146,ASIENTO / CUADRIL,2021-10-29,20.45
2021100991515,11,2022-02-26,99151,POLLO GANSO/PECETO,2021-10-29,22.95
2021100991553,11,2022-02-26,99155,POLLO GANSO/PECETO,2021-10-29,22
2021100991584,6,2022-02-26,99158,ASIENTO / CUADRIL,2021-10-29,21.90
2021100991676,12,2022-02-26,99167,FILETE / SOLOMILLO,2021-10-29,23.1
2021100991782,8,2022-02-26,99178,ASIENTO / CUADRIL,2021-10-29,23.75
2021100991829,7,2022-02-26,99182,ASIENTO / CUADRIL,2021-10-29,23.05
2021100992055,20,2022-02-26,99205,PUNTA DE PICANA/COLITA CUADRIL,2021-10-29,19.65
2021100992284,7,2022-02-26,99228,ASIENTO / CUADRIL,2021-10-29,23.3
2021100992444,20,2022-02-26,99244,PUNTA DE PICANA/COLITA CUADRIL,2021-10-29,20.8
2021100992635,10,2022-02-26,99263,FILETE / SOLOMILLO,2021-10-29,22.95
2021100992734,7,2022-02-26,99273,ASIENTO / CUADRIL,2021-10-29,20.3
2021100993090,7,2022-02-26,99309,ASIENTO / CUADRIL,2021-10-29,21.1
2021100993281,20,2022-02-26,99328,PUNTA DE PICANA/COLITA CUADRIL,2021-10-29,17.6
2021100993410,7,2022-02-26,99341,ASIENTO / CUADRIL,2021-10-29,22.7
2021100993564,7,2022-02-26,99356,ASIENTO / CUADRIL,2021-10-29,22.75
2021100993755,7,2022-02-26,99375,ASIENTO / CUADRIL,2021-10-29,22.6
2021100994073,7,2022-02-26,99407,ASIENTO / CUADRIL,2021-10-29,20.35
2021100994189,20,2022-02-26,99418,PUNTA DE PICANA/COLITA CUADRIL,2021-10-29,18.1
2021100994233,7,2022-02-26,99423,ASIENTO / CUADRIL,2021-10-29,23.35
2021100994301,24,2022-02-26,99430,PUNTA DE PICANA/COLITA CUADRIL,2021-10-29,21.35
2021100994448,7,2022-02-26,99444,ASIENTO / CUADRIL,2021-10-29,20.1
2021100994455,14,2022-02-26,99445,ABASTERO / TORTUGA,2021-10-29,20.65
2021100994578,10,2022-02-26,99457,FILETE / SOLOMILLO,2021-10-29,21.95
2021100994806,7,2022-02-26,99480,ASIENTO / CUADRIL,2021-10-29,21.25
2021100995070,7,2022-02-26,99507,ASIENTO / CUADRIL,2021-10-29,21.6
2021100995223,8,2022-02-26,99522,ASIENTO / CUADRIL,2021-10-29,21.05
2021100995261,5,2022-02-26,99526,POSTA ROSADA/BOLA DE LOMO,2021-10-29,23.2
2021100995377,21,2022-02-26,99537,PUNTA DE PICANA/COLITA CUADRIL,2021-10-29,18.95
2021100995445,5,2022-02-26,99544,POSTA ROSADA/BOLA DE LOMO,2021-10-29,22.95
2021100995575,15,2022-02-26,99557,ABASTERO / TORTUGA,2021-10-29,22.35
2021100995766,5,2022-02-26,99576,POSTA ROSADA/BOLA DE LOMO,2021-10-29,22.1
2021100995841,4,2022-02-26,99584,POSTA ROSADA/BOLA DE LOMO,2021-10-29,20.5
2021100995902,7,2022-02-26,99590,ASIENTO / CUADRIL,2021-10-29,23.90
2021100996022,5,2022-02-26,99602,POSTA ROSADA/BOLA DE LOMO,2021-10-29,22.05
2021100996107,22,2022-02-26,99610,PUNTA DE PICANA/COLITA CUADRIL,2021-10-29,21.15
2021100996121,5,2022-02-26,99612,POSTA ROSADA/BOLA DE LOMO,2021-10-29,21.75
2021100996268,12,2022-02-26,99626,FILETE / SOLOMILLO,2021-10-29,23.05
2021100996312,5,2022-02-26,99631,POSTA ROSADA/BOLA DE LOMO,2021-10-29,21.35
2021100996398,4,2022-02-26,99639,POSTA ROSADA/BOLA DE LOMO,2021-10-29,21.40
2021100996459,5,2022-02-26,99645,LOMO LISO/BIFE ANGOSTO,2021-10-29,22.3
2021100996541,4,2022-02-26,99654,LOMO LISO/BIFE ANGOSTO,2021-10-29,20
2021100996558,4,2022-02-26,99655,POSTA ROSADA/BOLA DE LOMO,2021-10-29,21.1
2021100996602,4,2022-02-26,99660,LOMO LISO/BIFE ANGOSTO,2021-10-29,20.05
2021100996619,4,2022-02-26,99661,POSTA ROSADA/BOLA DE LOMO,2021-10-29,19.35
2021100996626,5,2022-02-26,99662,POSTA ROSADA/BOLA DE LOMO,2021-10-29,20.95
2021100996756,5,2022-02-26,99675,LOMO LISO/BIFE ANGOSTO,2021-10-29,22.05
2021100996930,20,2022-02-26,99693,PUNTA DE PICANA/COLITA CUADRIL,2021-10-29,20.8
2021100997050,7,2022-02-26,99705,ASIENTO / CUADRIL,2021-10-29,23.8
2021100997098,5,2022-02-26,99709,LOMO LISO/BIFE ANGOSTO,2021-10-29,21.8
2021100997111,10,2022-02-26,99711,FILETE / SOLOMILLO,2021-10-29,23.85
2021100997227,5,2022-02-26,99722,LOMO LISO/BIFE ANGOSTO,2021-10-29,21.7
2021100997296,22,2022-02-26,99729,PUNTA DE PICANA/COLITA CUADRIL,2021-10-29,20.1
2021100997326,5,2022-02-26,99732,POSTA ROSADA/BOLA DE LOMO,2021-10-29,20.95
2021100997357,5,2022-02-26,99735,LOMO LISO/BIFE ANGOSTO,2021-10-29,23.5
2021100997418,4,2022-02-26,99741,LOMO LISO/BIFE ANGOSTO,2021-10-29,19.55
2021100997524,5,2022-02-26,99752,POSTA ROSADA/BOLA DE LOMO,2021-10-29,22.55
2021100997593,5,2022-02-26,99759,LOMO LISO/BIFE ANGOSTO,2021-10-29,20.45
2021100997678,4,2022-02-26,99767,POSTA ROSADA/BOLA DE LOMO,2021-10-29,22.8
2021100997715,5,2022-02-26,99771,POSTA ROSADA/BOLA DE LOMO,2021-10-29,20.15
2021100997777,10,2022-02-26,99777,FILETE / SOLOMILLO,2021-10-29,21.40
2021100997791,4,2022-02-26,99779,LOMO LISO/BIFE ANGOSTO,2021-10-29,18.6
2021100997845,4,2022-02-26,99784,POSTA ROSADA/BOLA DE LOMO,2021-10-29,21.85
2021100997852,14,2022-02-26,99785,ABASTERO / TORTUGA,2021-10-29,20.8
2021100997913,4,2022-02-26,99791,LOMO LISO/BIFE ANGOSTO,2021-10-29,18.3
2021100997937,22,2022-02-26,99793,PUNTA DE PICANA/COLITA CUADRIL,2021-10-29,19.85
2021100997982,5,2022-02-26,99798,POSTA ROSADA/BOLA DE LOMO,2021-10-29,22.25
2021100998026,4,2022-02-26,99802,LOMO LISO/BIFE ANGOSTO,2021-10-29,20.2
2021100998101,4,2022-02-26,99810,LOMO LISO/BIFE ANGOSTO,2021-10-29,17.90
2021100998200,5,2022-02-26,99820,LOMO LISO/BIFE ANGOSTO,2021-10-29,18.85
2021100998231,14,2022-02-26,99823,ABASTERO / TORTUGA,2021-10-29,20.90
2021100998255,5,2022-02-26,99825,LOMO LISO/BIFE ANGOSTO,2021-10-29,19.05
2021100998330,5,2022-02-26,99833,POSTA ROSADA/BOLA DE LOMO,2021-10-29,22.40
2021100998347,5,2022-02-26,99834,LOMO LISO/BIFE ANGOSTO,2021-10-29,17.8
2021100998439,4,2022-02-26,99843,POSTA ROSADA/BOLA DE LOMO,2021-10-29,21.90
2021100998477,5,2022-02-26,99847,LOMO LISO/BIFE ANGOSTO,2021-10-29,17.7
2021100998514,5,2022-02-26,99851,LOMO LISO/BIFE ANGOSTO,2021-10-29,18.7
2021100998545,5,2022-02-26,99854,POSTA ROSADA/BOLA DE LOMO,2021-10-29,23.1
2021100998583,5,2022-02-26,99858,POSTA ROSADA/BOLA DE LOMO,2021-10-29,24.1
2021100998606,5,2022-02-26,99860,LOMO LISO/BIFE ANGOSTO,2021-10-29,21.35
2021100998651,12,2022-02-26,99865,FILETE / SOLOMILLO,2021-10-29,21.6
2021100998682,22,2022-02-26,99868,PUNTA DE PICANA/COLITA CUADRIL,2021-10-29,18.8
2021100998712,5,2022-02-26,99871,LOMO LISO/BIFE ANGOSTO,2021-10-29,20.6
2021100998736,3,2022-02-26,99873,POSTA NEGRA/NALGA DE ADENTRO,2021-10-29,21.55
2021100998804,5,2022-02-26,99880,POSTA ROSADA/BOLA DE LOMO,2021-10-29,20.6
2021100998842,5,2022-02-26,99884,LOMO LISO/BIFE ANGOSTO,2021-10-29,21.3
2021100998910,10,2022-02-26,99891,FILETE / SOLOMILLO,2021-10-29,22.75
2021100998941,5,2022-02-26,99894,POSTA ROSADA/BOLA DE LOMO,2021-10-29,22.05
2021100998996,14,2022-02-26,99899,ABASTERO / TORTUGA,2021-10-29,22.5
2021100999016,5,2022-02-26,99901,LOMO LISO/BIFE ANGOSTO,2021-10-29,20.65
2021100999061,5,2022-02-26,99906,POSTA ROSADA/BOLA DE LOMO,2021-10-29,20.7
2021100999085,12,2022-02-26,99908,FILETE / SOLOMILLO,2021-10-29,21.75
2021100999092,5,2022-02-26,99909,LOMO LISO/BIFE ANGOSTO,2021-10-29,22.35
2021100999115,5,2022-02-26,99911,POSTA ROSADA/BOLA DE LOMO,2021-10-29,21.45
2021100999139,5,2022-02-26,99913,POSTA ROSADA/BOLA DE LOMO,2021-10-29,21.2
2021100999146,16,2022-02-26,99914,ABASTERO / TORTUGA,2021-10-29,22.40
2021100999153,5,2022-02-26,99915,LOMO LISO/BIFE ANGOSTO,2021-10-29,20.8
2021100999191,5,2022-02-26,99919,POSTA ROSADA/BOLA DE LOMO,2021-10-29,21.5
2021100999252,10,2022-02-26,99925,FILETE / SOLOMILLO,2021-10-29,23.55
2021100999276,5,2022-02-26,99927,LOMO LISO/BIFE ANGOSTO,2021-10-29,21.1
2021100999313,7,2022-02-26,99931,ASIENTO / CUADRIL,2021-10-29,20.7
2021100999320,5,2022-02-26,99932,POSTA ROSADA/BOLA DE LOMO,2021-10-29,21.3
2021100999399,10,2022-02-26,99939,FILETE / SOLOMILLO,2021-10-29,21.6
2021100999405,3,2022-02-26,99940,POSTA NEGRA/NALGA DE ADENTRO,2021-10-29,22.05
2021100999436,14,2022-02-26,99943,ABASTERO / TORTUGA,2021-10-29,22.5
2021100999443,5,2022-02-26,99944,POSTA ROSADA/BOLA DE LOMO,2021-10-29,20.85
2021100999450,5,2022-02-26,99945,POSTA ROSADA/BOLA DE LOMO,2021-10-29,20.75
2021100999498,26,2022-02-26,99949,PUNTA DE PICANA/COLITA CUADRIL,2021-10-29,19.7
2021100999511,4,2022-02-26,99951,LOMO LISO/BIFE ANGOSTO,2021-10-29,21.40
2021100999528,5,2022-02-26,99952,POSTA ROSADA/BOLA DE LOMO,2021-10-29,20.65
2021100999566,5,2022-02-26,99956,LOMO LISO/BIFE ANGOSTO,2021-10-29,21.8
2021100999603,7,2022-02-26,99960,ASIENTO / CUADRIL,2021-10-29,24.05
2021100999610,10,2022-02-26,99961,FILETE / SOLOMILLO,2021-10-29,21.65
2021100999634,4,2022-02-26,99963,LOMO LISO/BIFE ANGOSTO,2021-10-29,19.05
2021100999689,7,2022-02-26,99968,ASIENTO / CUADRIL,2021-10-29,21.25
2021100999696,5,2022-02-26,99969,POSTA ROSADA/BOLA DE LOMO,2021-10-29,21.65
2021100999702,5,2022-02-26,99970,LOMO LISO/BIFE ANGOSTO,2021-10-29,22.1
2021100999719,10,2022-02-26,99971,FILETE / SOLOMILLO,2021-10-29,21.35
2021100999733,16,2022-02-26,99973,ABASTERO / TORTUGA,2021-10-29,21.7
2021100999740,5,2022-02-26,99974,POSTA ROSADA/BOLA DE LOMO,2021-10-29,22.25
2021100999757,5,2022-02-26,99975,LOMO LISO/BIFE ANGOSTO,2021-10-29,20.5
2021100999764,7,2022-02-26,99976,ASIENTO / CUADRIL,2021-10-29,22.55
2021100999771,5,2022-02-26,99977,LOMO LISO/BIFE ANGOSTO,2021-10-29,21.6
2021100999788,5,2022-02-26,99978,POSTA ROSADA/BOLA DE LOMO,2021-10-29,19.8
2021100999801,22,2022-02-26,99980,PUNTA DE PICANA/COLITA CUADRIL,2021-10-29,21.95
2021100999818,12,2022-02-26,99981,FILETE / SOLOMILLO,2021-10-29,22.7
2021100999825,5,2022-02-26,99982,LOMO LISO/BIFE ANGOSTO,2021-10-29,19.7
2021100999856,5,2022-02-26,99985,LOMO LISO/BIFE ANGOSTO,2021-10-29,21.45
2021100999870,12,2022-02-26,99987,POLLO GANSO/PECETO,2021-10-29,23.8
2021100999894,7,2022-02-26,99989,ASIENTO / CUADRIL,2021-10-29,23
2021100999900,5,2022-02-26,99990,LOMO LISO/BIFE ANGOSTO,2021-10-29,21.45
2021100999931,15,2022-02-26,99993,ABASTERO / TORTUGA,2021-10-29,21.55
2021100999948,7,2022-02-26,99994,ASIENTO / CUADRIL,2021-10-29,19.45
2021100999962,5,2022-02-26,99996,POSTA ROSADA/BOLA DE LOMO,2021-10-29,22.40
2021100999979,5,2022-02-26,99997,POSTA ROSADA/BOLA DE LOMO,2021-10-29,20.95
2021100999986,10,2022-02-26,99998,FILETE / SOLOMILLO,2021-10-29,23.8
2021101000025,22,2022-02-26,100002,PUNTA DE PICANA/COLITA CUADRIL,2021-10-29,19.1
2021101001541,5,2022-02-26,100154,POSTA ROSADA/BOLA DE LOMO,2021-10-29,22.3
2021101001558,5,2022-02-26,100155,POSTA ROSADA/BOLA DE LOMO,2021-10-29,22.95
2021101001923,5,2022-02-26,100192,POSTA ROSADA/BOLA DE LOMO,2021-10-29,19.85
2021101001954,7,2022-02-26,100195,ASIENTO / CUADRIL,2021-10-29,23.40
2021101001978,5,2022-02-26,100197,POSTA ROSADA/BOLA DE LOMO,2021-10-29,21.85
2021101002012,5,2022-02-26,100201,POSTA ROSADA/BOLA DE LOMO,2021-10-29,20.5
2021101002043,7,2022-02-26,100204,ASIENTO / CUADRIL,2021-10-29,22.65
2021101002135,5,2022-02-26,100213,LOMO LISO/BIFE ANGOSTO,2021-10-29,21.05
2021101002210,5,2022-02-26,100221,POSTA ROSADA/BOLA DE LOMO,2021-10-29,20.8
2021101002357,5,2022-02-26,100235,LOMO LISO/BIFE ANGOSTO,2021-10-29,21.8
2021101002470,5,2022-02-26,100247,LOMO LISO/BIFE ANGOSTO,2021-10-29,20.05
2021101002494,7,2022-02-26,100249,ASIENTO / CUADRIL,2021-10-29,23.6
2021101002586,5,2022-02-26,100258,POSTA ROSADA/BOLA DE LOMO,2021-10-29,21.1
2021101002739,5,2022-02-26,100273,POSTA ROSADA/BOLA DE LOMO,2021-10-29,21.7
2021101002937,10,2022-02-26,100293,FILETE / SOLOMILLO,2021-10-29,22.8
2021101002999,5,2022-02-26,100299,LOMO LISO/BIFE ANGOSTO,2021-10-29,23.1
2021101003002,7,2022-02-26,100300,ASIENTO / CUADRIL,2021-10-29,23.8
2021101003026,5,2022-02-26,100302,POSTA ROSADA/BOLA DE LOMO,2021-10-29,21.2
2021101003125,5,2022-02-26,100312,LOMO LISO/BIFE ANGOSTO,2021-10-29,20
2021101003156,4,2022-02-26,100315,LOMO LISO/BIFE ANGOSTO,2021-10-29,20.05
2021101003170,5,2022-02-26,100317,POSTA ROSADA/BOLA DE LOMO,2021-10-29,20.65
2021101003347,10,2022-02-26,100334,FILETE / SOLOMILLO,2021-10-29,23.05
2021101003392,7,2022-02-26,100339,ASIENTO / CUADRIL,2021-10-29,21.5
2021101003422,4,2022-02-26,100342,LOMO LISO/BIFE ANGOSTO,2021-10-29,22.05
2021101003484,5,2022-02-26,100348,POSTA ROSADA/BOLA DE LOMO,2021-10-29,20.25
2021101003507,5,2022-02-26,100350,POSTA ROSADA/BOLA DE LOMO,2021-10-29,20.85
2021101003545,10,2022-02-26,100354,POLLO GANSO/PECETO,2021-10-29,22.75
2021101003644,5,2022-02-26,100364,LOMO LISO/BIFE ANGOSTO,2021-10-29,20.35
2021101003705,10,2022-02-26,100370,FILETE / SOLOMILLO,2021-10-29,22.40
2021101003736,5,2022-02-26,100373,POSTA ROSADA/BOLA DE LOMO,2021-10-29,20.65
2021101003750,6,2022-02-26,100375,ASIENTO / CUADRIL,2021-10-29,20.40
2021101003804,4,2022-02-26,100380,LOMO LISO/BIFE ANGOSTO,2021-10-29,21.6
2021101003828,7,2022-02-26,100382,ASIENTO / CUADRIL,2021-10-29,22.90
2021101003897,14,2022-02-26,100389,POLLO GANSO/PECETO,2021-10-29,22.75
2021101003903,14,2022-02-26,100390,POLLO GANSO/PECETO,2021-10-29,23.15
2021101004016,4,2022-02-26,100401,LOMO LISO/BIFE ANGOSTO,2021-10-29,20.7
2021101004078,4,2022-02-26,100407,LOMO LISO/BIFE ANGOSTO,2021-10-29,20.35
2021101004122,7,2022-02-26,100412,ASIENTO / CUADRIL,2021-10-29,23.2
2021101004146,14,2022-02-26,100414,POLLO GANSO/PECETO,2021-10-29,23.75
2021101004191,5,2022-02-26,100419,LOMO LISO/BIFE ANGOSTO,2021-10-29,20.40
2021101004276,7,2022-02-26,100427,ASIENTO / CUADRIL,2021-10-29,20.5
2021101004306,10,2022-02-26,100430,FILETE / SOLOMILLO,2021-10-29,23.3
2021101004351,4,2022-02-26,100435,LOMO LISO/BIFE ANGOSTO,2021-10-29,21.55
2021101004405,5,2022-02-26,100440,LOMO LISO/BIFE ANGOSTO,2021-10-29,20.2
2021101004412,7,2022-02-26,100441,ASIENTO / CUADRIL,2021-10-29,24.1
2021101004498,12,2022-02-26,100449,POLLO GANSO/PECETO,2021-10-29,21.90
2021101004542,10,2022-02-26,100454,FILETE / SOLOMILLO,2021-10-29,22.35
2021101004610,5,2022-02-26,100461,LOMO LISO/BIFE ANGOSTO,2021-10-29,19.6
2021101004658,10,2022-02-26,100465,FILETE / SOLOMILLO,2021-10-29,20.45
2021101004733,6,2022-02-26,100473,ASIENTO / CUADRIL,2021-10-29,21.15
2021101004795,5,2022-02-26,100479,LOMO LISO/BIFE ANGOSTO,2021-10-29,22.45
2021101004801,5,2022-02-26,100480,LOMO LISO/BIFE ANGOSTO,2021-10-29,23.1
2021101004832,6,2022-02-26,100483,ASIENTO / CUADRIL,2021-10-29,20.55
2021101004894,10,2022-02-26,100489,FILETE / SOLOMILLO,2021-10-29,22.8
2021101004979,7,2022-02-26,100497,ASIENTO / CUADRIL,2021-10-29,21
2021101005099,10,2022-02-26,100509,FILETE / SOLOMILLO,2021-10-29,22.3
2021101005181,7,2022-02-26,100518,ASIENTO / CUADRIL,2021-10-29,21.65
2021101005426,4,2022-02-26,100542,LOMO LISO/BIFE ANGOSTO,2021-10-29,17.65
2021101005457,7,2022-02-26,100545,ASIENTO / CUADRIL,2021-10-29,21.05
2021101005495,10,2022-02-26,100549,FILETE / SOLOMILLO,2021-10-29,22.3
2021101005686,7,2022-02-26,100568,ASIENTO / CUADRIL,2021-10-29,21.25
2021101005723,4,2022-02-26,100572,LOMO LISO/BIFE ANGOSTO,2021-10-29,21.3
2021101005785,13,2022-02-26,100578,POLLO GANSO/PECETO,2021-10-29,22.6
2021101005884,10,2022-02-26,100588,FILETE / SOLOMILLO,2021-10-29,22.45
2021101005969,7,2022-02-26,100596,ASIENTO / CUADRIL,2021-10-29,22.35
2021101006225,13,2022-02-26,100622,POLLO GANSO/PECETO,2021-10-29,22.15
2021101006287,5,2022-02-26,100628,LOMO LISO/BIFE ANGOSTO,2021-10-29,18.2
2021101006362,10,2022-02-26,100636,FILETE / SOLOMILLO,2021-10-29,21.3
2021101006386,7,2022-02-26,100638,ASIENTO / CUADRIL,2021-10-29,22.45
2021101006461,11,2022-02-26,100646,POLLO GANSO/PECETO,2021-10-29,22.35
2021101006478,6,2022-02-26,100647,LOMO LISO/BIFE ANGOSTO,2021-10-29,20.7
2021101006515,5,2022-02-26,100651,LOMO LISO/BIFE ANGOSTO,2021-10-29,19.2
2021101006607,7,2022-02-26,100660,ASIENTO / CUADRIL,2021-10-29,21.05
2021101006638,8,2022-02-26,100663,ASIENTO / CUADRIL,2021-10-29,22.8
2021101006645,10,2022-02-26,100664,FILETE / SOLOMILLO,2021-10-29,21.7
2021101006690,11,2022-02-26,100669,POLLO GANSO/PECETO,2021-10-29,22.15
2021101006706,5,2022-02-26,100670,LOMO LISO/BIFE ANGOSTO,2021-10-29,17.25
2021101006737,7,2022-02-26,100673,ASIENTO / CUADRIL,2021-10-29,20.5
2021101006843,10,2022-02-26,100684,FILETE / SOLOMILLO,2021-10-29,21.7
2021101006904,11,2022-02-26,100690,POLLO GANSO/PECETO,2021-10-29,21.85
2021101007024,5,2022-02-26,100702,LOMO LISO/BIFE ANGOSTO,2021-10-29,20.1
2021101007130,7,2022-02-26,100713,ASIENTO / CUADRIL,2021-10-29,22.5
2021101007239,11,2022-02-26,100723,POLLO GANSO/PECETO,2021-10-29,20.5
2021101007376,5,2022-02-26,100737,LOMO LISO/BIFE ANGOSTO,2021-10-29,19.40
2021101007420,7,2022-02-26,100742,ASIENTO / CUADRIL,2021-10-29,21.5
2021101007475,10,2022-02-26,100747,FILETE / SOLOMILLO,2021-10-29,22.5
2021101007543,11,2022-02-26,100754,POLLO GANSO/PECETO,2021-10-29,21.15
2021101007567,5,2022-02-26,100756,LOMO LISO/BIFE ANGOSTO,2021-10-29,18.8
2021101007796,5,2022-02-26,100779,LOMO LISO/BIFE ANGOSTO,2021-10-29,20.7
2021101007840,7,2022-02-26,100784,ASIENTO / CUADRIL,2021-10-29,21.5
2021101007871,4,2022-02-26,100787,LOMO LISO/BIFE ANGOSTO,2021-10-29,18.45
2021101007901,14,2022-02-26,100790,POLLO GANSO/PECETO,2021-10-29,24
2021101007956,10,2022-02-26,100795,FILETE / SOLOMILLO,2021-10-29,21.90
2021101007963,5,2022-02-26,100796,LOMO LISO/BIFE ANGOSTO,2021-10-29,18.45
2021101008014,8,2022-02-26,100801,ASIENTO / CUADRIL,2021-10-29,21.55
2021101008083,6,2022-02-26,100808,LOMO LISO/BIFE ANGOSTO,2021-10-29,19.65
2021101008151,13,2022-02-26,100815,POLLO GANSO/PECETO,2021-10-29,23.05
2021101008199,14,2022-02-26,100819,FILETE / SOLOMILLO,2021-10-29,22.85
2021101008373,8,2022-02-26,100837,ASIENTO / CUADRIL,2021-10-29,21.90
2021101008502,10,2022-02-26,100850,FILETE / SOLOMILLO,2021-10-29,20.45
2021101008540,5,2022-02-26,100854,LOMO LISO/BIFE ANGOSTO,2021-10-29,17.15
2021101008564,14,2022-02-26,100856,POLLO GANSO/PECETO,2021-10-29,23.45
2021101008847,14,2022-02-26,100884,POLLO GANSO/PECETO,2021-10-29,22.5
2021101008939,10,2022-02-26,100893,FILETE / SOLOMILLO,2021-10-29,22.2
2021101009141,9,2022-02-26,100914,ASIENTO / CUADRIL,2021-10-29,21.65
2021101009172,6,2022-02-26,100917,LOMO LISO/BIFE ANGOSTO,2021-10-29,19.40
2021101009660,5,2022-02-26,100966,LOMO LISO/BIFE ANGOSTO,2021-10-29,17.45
2021101009752,14,2022-02-26,100975,FILETE / SOLOMILLO,2021-10-29,22.25
2021101010062,14,2022-02-26,101006,FILETE / SOLOMILLO,2021-10-29,22.15
2021101010147,3,2022-02-26,101014,POSTA NEGRA/NALGA DE ADENTRO,2021-10-29,21.90
2021101010314,3,2022-02-26,101031,POSTA NEGRA/NALGA DE ADENTRO,2021-10-29,19.40
2021101010598,4,2022-02-26,101059,POSTA NEGRA/NALGA DE ADENTRO,2021-10-29,19.35
2021101010680,3,2022-02-26,101068,POSTA NEGRA/NALGA DE ADENTRO,2021-10-29,18.25
2021101010697,10,2022-02-26,101069,FILETE / SOLOMILLO,2021-10-29,21.95
2021101010796,3,2022-02-26,101079,POSTA NEGRA/NALGA DE ADENTRO,2021-10-29,21.45
2021101010833,3,2022-02-26,101083,POSTA NEGRA/NALGA DE ADENTRO,2021-10-29,21.15
2021101010925,14,2022-02-26,101092,POLLO GANSO/PECETO,2021-10-29,22.2
2021101011144,3,2022-02-26,101114,POSTA NEGRA/NALGA DE ADENTRO,2021-10-29,20.8
2021101011199,3,2022-02-26,101119,POSTA NEGRA/NALGA DE ADENTRO,2021-10-29,21.35
2021101011403,3,2022-02-26,101140,POSTA NEGRA/NALGA DE ADENTRO,2021-10-29,18.5
2021101011458,6,2022-02-26,101145,LOMO LISO/BIFE ANGOSTO,2021-10-29,18.7
2021101011625,11,2022-02-26,101162,FILETE / SOLOMILLO,2021-10-29,22.05
2021101011670,3,2022-02-26,101167,POSTA NEGRA/NALGA DE ADENTRO,2021-10-29,22.40
2021101011700,3,2022-02-26,101170,POSTA NEGRA/NALGA DE ADENTRO,2021-10-29,19.95
2021101011748,3,2022-02-26,101174,POSTA NEGRA/NALGA DE ADENTRO,2021-10-29,19
2021101011762,5,2022-02-26,101176,POSTA ROSADA/BOLA DE LOMO,2021-10-29,20
2021101011915,3,2022-02-26,101191,POSTA NEGRA/NALGA DE ADENTRO,2021-10-29,19.75
2021101012059,3,2022-02-26,101205,POSTA NEGRA/NALGA DE ADENTRO,2021-10-29,18.85
2021101012110,12,2022-02-26,101211,FILETE / SOLOMILLO,2021-10-29,21.65
2021101012134,15,2022-02-26,101213,POLLO GANSO/PECETO,2021-10-29,22.90
2021101012189,3,2022-02-26,101218,POSTA NEGRA/NALGA DE ADENTRO,2021-10-29,18.8
2021101012226,14,2022-02-26,101222,POLLO GANSO/PECETO,2021-10-29,23.05
2021101012288,5,2022-02-26,101228,POSTA ROSADA/BOLA DE LOMO,2021-10-29,21.35
2021101012349,3,2022-02-26,101234,POSTA NEGRA/NALGA DE ADENTRO,2021-10-29,16.7
2021101012455,3,2022-02-26,101245,POSTA NEGRA/NALGA DE ADENTRO,2021-10-29,17.75
2021101012479,3,2022-02-26,101247,POSTA NEGRA/NALGA DE ADENTRO,2021-10-29,18.1
2021101012578,15,2022-02-26,101257,POLLO GANSO/PECETO,2021-10-29,23.1
2021101012806,3,2022-02-26,101280,POSTA NEGRA/NALGA DE ADENTRO,2021-10-29,19.2
2021101012837,3,2022-02-26,101283,POSTA NEGRA/NALGA DE ADENTRO,2021-10-29,21.35
2021101012875,5,2022-02-26,101287,POSTA ROSADA/BOLA DE LOMO,2021-10-29,20.65
2021101012905,2,2022-02-26,101290,POSTA NEGRA/NALGA DE ADENTRO,2021-10-29,19.90
2021101012936,2,2022-02-26,101293,POSTA NEGRA/NALGA DE ADENTRO,2021-10-29,17.55
2021101012998,2,2022-02-26,101299,POSTA NEGRA/NALGA DE ADENTRO,2021-10-29,19.35
2021101013001,12,2022-02-26,101300,POLLO GANSO/PECETO,2021-10-29,22.85
2021101013070,3,2022-02-26,101307,POSTA NEGRA/NALGA DE ADENTRO,2021-10-29,21.1
2021101013100,2,2022-02-26,101310,POSTA NEGRA/NALGA DE ADENTRO,2021-10-29,20
2021101013162,4,2022-02-26,101316,POSTA ROSADA/BOLA DE LOMO,2021-10-29,22.1
2021101013186,5,2022-02-26,101318,POSTA ROSADA/BOLA DE LOMO,2021-10-29,20.3
2021101013254,3,2022-02-26,101325,POSTA NEGRA/NALGA DE ADENTRO,2021-10-29,22
2021101013513,22,2022-02-26,101351,PUNTA DE PICANA/COLITA CUADRIL,2021-10-29,18
2021101013568,20,2022-02-26,101356,PUNTA DE PICANA/COLITA CUADRIL,2021-10-29,19.65
2021101013728,3,2022-02-26,101372,POSTA NEGRA/NALGA DE ADENTRO,2021-10-29,19.5
2021101013841,4,2022-02-26,101384,POSTA NEGRA/NALGA DE ADENTRO,2021-10-29,21.45
2021101013896,5,2022-02-26,101389,POSTA ROSADA/BOLA DE LOMO,2021-10-29,21.35
2021101013957,15,2022-02-26,101395,POLLO GANSO/PECETO,2021-10-29,22.5
2021101014114,3,2022-02-26,101411,POSTA NEGRA/NALGA DE ADENTRO,2021-10-29,17.85
2021101014473,5,2022-02-26,101447,POSTA ROSADA/BOLA DE LOMO,2021-10-29,22.95
2021101014534,3,2022-02-26,101453,POSTA NEGRA/NALGA DE ADENTRO,2021-10-29,18.5
2021101016293,3,2022-02-26,101629,POSTA NEGRA/NALGA DE ADENTRO,2021-10-29,18.2
2021101016439,3,2022-02-26,101643,POSTA NEGRA/NALGA DE ADENTRO,2021-10-29,18.45
2021101016811,2,2022-02-26,101681,POSTA NEGRA/NALGA DE ADENTRO,2021-10-29,16.25
2021101016842,2,2022-02-26,101684,POSTA NEGRA/NALGA DE ADENTRO,2021-10-29,13.8
2021101017238,17,2022-02-26,101723,POLLO GANSO/PECETO,2021-10-29,23
2021101017290,17,2022-02-26,101729,POLLO GANSO/PECETO,2021-10-29,23.25
